gene,drug_name,interaction_types,effect_size,p_value,fdr,priority_gene,n_interactions
GRIN2A,ACAMPROSATE CALCIUM,ChEMBL,0.002411,,0.6706,True,1
GRIN2A,DEXTROMETHORPHAN HYDROBROMIDE,ChEMBL,0.002411,,0.6706,True,1
GRIN2A,AMANTADINE HYDROCHLORIDE,ChEMBL,0.002411,,0.6706,True,1
GRIN2A,FELBAMATE,ChEMBL,0.002411,,0.6706,True,1
GRIN2A,ESKETAMINE,ChEMBL,0.002411,,0.6706,True,1
GRIN2A,INDANTADOL,ChEMBL,0.002411,,0.6706,True,1
GRIN2A,PHILANTHOTOXIN 343,DTC,0.002411,,0.6706,True,1
GRIN2A,GW468816,ChEMBL,0.002411,,0.6706,True,1
GRIN2A,RALFINAMIDE,ChEMBL,0.002411,,0.6706,True,1
GRIN2A,ORPHENADRINE CITRATE,ChEMBL,0.002411,,0.6706,True,1
GRIN2A,AZD8108,ChEMBL,0.002411,,0.6706,True,1
GRIN2A,MEMANTINE HYDROCHLORIDE,ChEMBL,0.002411,,0.6706,True,1
GRIN2A,LANICEMINE,ChEMBL,0.002411,,0.6706,True,1
GRIN2A,DEXTROMETHORPHAN POLISTIREX,ChEMBL,0.002411,,0.6706,True,1
GRIN2A,DIZOCILPINE,DTC,0.002411,,0.6706,True,1
GRIN2A,MEMANTINE,DTC,0.002411,,0.6706,True,1
GRIN2A,PERZINFOTEL,ChEMBL,0.002411,,0.6706,True,1
GRIN2A,KETAMINE HYDROCHLORIDE,ChEMBL,0.002411,,0.6706,True,1
GRIN2A,DELUCEMINE,ChEMBL,0.002411,,0.6706,True,1
GRIN2A,NERAMEXANE MESYLATE,ChEMBL,0.002411,,0.6706,True,1
GRIN2A,KETAMINE,DTC,0.002411,,0.6706,True,1
GRIN2A,NEBOGLAMINE,ChEMBL,0.002411,,0.6706,True,1
GRIN2A,APIMOSTINEL,ChEMBL,0.002411,,0.6706,True,1
GRIN2A,ESKETAMINE HYDROCHLORIDE,ChEMBL,0.002411,,0.6706,True,1
GRIN2A,CNS-5161,ChEMBL,0.002411,,0.6706,True,1
GRIN2A,ORPHENADRINE HYDROCHLORIDE,ChEMBL,0.002411,,0.6706,True,1
GRIN2A,RAPASTINEL,ChEMBL,0.002411,,0.6706,True,1
GRIN2A,AV-101,ChEMBL,0.002411,,0.6706,True,1
GRIN2A,haloperidol,PharmGKB,0.002411,,0.6706,True,1
CAMK2A,AZD-1080,DTC,0.002401,,0.6706,True,1
CAMK2A,TCMDC-125758,DTC,0.002401,,0.6706,True,1
CAMK2A,SOTRASTAURIN,DTC,0.002401,,0.6706,True,1
CAMK2A,CURCUMIN,DTC,0.002401,,0.6706,True,1
CAMK2A,TAE-684,DTC,0.002401,,0.6706,True,1
CAMK2A,CYC-116,DTC,0.002401,,0.6706,True,1
CAMK2A,CENISERTIB,DTC,0.002401,,0.6706,True,1
HOMER1,haloperidol,PharmGKB,0.002292,,0.6706,True,1
NRXN1,duloxetine,PharmGKB,0.002169,,0.6706,True,1
NRXN1,antipsychotics,PharmGKB,0.002169,,0.6706,True,1
NRXN1,nicotine,PharmGKB,0.002169,,0.6706,True,1
GRIN2B,AMANTADINE HYDROCHLORIDE,ChEMBL,0.00205,,0.6706,True,1
GRIN2B,FELBAMATE,ChEMBL,0.00205,,0.6706,True,1
GRIN2B,methylphenidate,PharmGKB,0.00205,,0.6706,True,1
GRIN2B,clozapine,PharmGKB,0.00205,,0.6706,True,1
GRIN2B,TRAXOPRODIL,ChEMBL,0.00205,,0.6706,True,1
GRIN2B,risperidone,PharmGKB,0.00205,,0.6706,True,1
GRIN2B,GW468816,ChEMBL,0.00205,,0.6706,True,1
GRIN2B,EVT-101,ChEMBL,0.00205,,0.6706,True,1
GRIN2B,RADIPRODIL,ChEMBL,0.00205,,0.6706,True,1
GRIN2B,INDANTADOL,ChEMBL,0.00205,,0.6706,True,1
GRIN2B,ACAMPROSATE CALCIUM,ChEMBL,0.00205,,0.6706,True,1
GRIN2B,ESKETAMINE,ChEMBL,0.00205,,0.6706,True,1
GRIN2B,RALFINAMIDE,ChEMBL,0.00205,,0.6706,True,1
GRIN2B,NEBOGLAMINE,ChEMBL,0.00205,,0.6706,True,1
GRIN2B,RAPASTINEL,ChEMBL,0.00205,,0.6706,True,1
GRIN2B,APIMOSTINEL,ChEMBL,0.00205,,0.6706,True,1
GRIN2B,AV-101,ChEMBL,0.00205,,0.6706,True,1
GRIN2B,ORPHENADRINE CITRATE,ChEMBL,0.00205,,0.6706,True,1
GRIN2B,CNS-5161,ChEMBL,0.00205,,0.6706,True,1
GRIN2B,MEMANTINE HYDROCHLORIDE,ChEMBL,0.00205,,0.6706,True,1
GRIN2B,AZD8108,ChEMBL,0.00205,,0.6706,True,1
GRIN2B,KETAMINE HYDROCHLORIDE,ChEMBL,0.00205,,0.6706,True,1
GRIN2B,LANICEMINE,ChEMBL,0.00205,,0.6706,True,1
GRIN2B,DELUCEMINE,ChEMBL,0.00205,,0.6706,True,1
GRIN2B,valproic acid,PharmGKB,0.00205,,0.6706,True,1
GRIN2B,PERZINFOTEL,ChEMBL,0.00205,,0.6706,True,1
GRIN2B,RISLENEMDAZ,ChEMBL,0.00205,,0.6706,True,1
GRIN2B,sevoflurane,PharmGKB,0.00205,,0.6706,True,1
GRIN2B,ESKETAMINE HYDROCHLORIDE,ChEMBL,0.00205,,0.6706,True,1
GRIN2B,NERAMEXANE MESYLATE,ChEMBL,0.00205,,0.6706,True,1
GRIN2B,quetiapine,PharmGKB,0.00205,,0.6706,True,1
GRIN2B,haloperidol,PharmGKB,0.00205,,0.6706,True,1
GRIN2B,ORPHENADRINE HYDROCHLORIDE,ChEMBL,0.00205,,0.6706,True,1
APP,LECANEMAB,ChEMBL,0.001985,,0.6706,True,1
APP,CONGO RED,DTC,0.001985,,0.6706,True,1
APP,"REL-3,4-DICAFFEOYLQUINIC ACID",DTC,0.001985,,0.6706,True,1
APP,GENTIAN VIOLET,DTC,0.001985,,0.6706,True,1
APP,PROPOFOL,NCI,0.001985,,0.6706,True,1
APP,2-CHLORO-ADENOSINETRIPHOSPHATE,DTC,0.001985,,0.6706,True,1
APP,HYDROXYCHLOROQUINE,NCI,0.001985,,0.6706,True,1
APP,ADUCANUMAB,ChEMBL,0.001985,,0.6706,True,1
APP,GSK933776,ChEMBL,0.001985,,0.6706,True,1
APP,AMILOMOTIDE,ChEMBL,0.001985,,0.6706,True,1
APP,TRAMIPROSATE,ChEMBL,0.001985,,0.6706,True,1
APP,DONANEMAB,ChEMBL,0.001985,,0.6706,True,1
APP,TAXANES,NCI,0.001985,,0.6706,True,1
APP,AMB,NCI,0.001985,,0.6706,True,1
APP,DAUNOMYCIN,NCI,0.001985,,0.6706,True,1
APP,VALILTRAMIPROSATE,ChEMBL,0.001985,,0.6706,True,1
APP,FERULIC ACID,DTC,0.001985,,0.6706,True,1
APP,BAPINEUZUMAB,ChEMBL,0.001985,,0.6706,True,1
APP,PONEZUMAB,ChEMBL,0.001985,,0.6706,True,1
APP,CLIOQUINOL,DTC,0.001985,,0.6706,True,1
APP,PARAROSANILINE,DTC,0.001985,,0.6706,True,1
APP,CURCUMIN,DTC,0.001985,,0.6706,True,1
APP,2-(4-NITROPHENYL)BENZO[D]THIAZOLE,DTC,0.001985,,0.6706,True,1
APP,GANTENERUMAB,ChEMBL,0.001985,,0.6706,True,1
APP,"REL-3,5-DICAFFEOYLQUINIC ACID",DTC,0.001985,,0.6706,True,1
APP,VANUTIDE CRIDIFICAR,ChEMBL,0.001985,,0.6706,True,1
APP,CRENEZUMAB,ChEMBL,0.001985,,0.6706,True,1
APP,RESVERATROL,DTC,0.001985,,0.6706,True,1
APP,SOLANEZUMAB,ChEMBL,0.001985,,0.6706,True,1
APP,NSC-649410,DTC,0.001985,,0.6706,True,1
APP,BAF,NCI,0.001985,,0.6706,True,1
SCN1A,BENOXINATE HYDROCHLORIDE,ChEMBL,0.001371,,0.6706,True,1
SCN1A,PROCAINE HYDROCHLORIDE,ChEMBL,0.001371,,0.6706,True,1
SCN1A,MEPHENYTOIN,ChEMBL,0.001371,,0.6706,True,1
SCN1A,NERISPIRDINE,ChEMBL,0.001371,,0.6706,True,1
SCN1A,ORPHENADRINE HYDROCHLORIDE,ChEMBL,0.001371,,0.6706,True,1
SCN1A,LAMOTRIGINE,ChEMBL,0.001371,,0.6706,True,1
SCN1A,CENOBAMATE,ChEMBL,0.001371,,0.6706,True,1
SCN1A,RUFINAMIDE,ChEMBL,0.001371,,0.6706,True,1
SCN1A,TOCAINIDE HYDROCHLORIDE,ChEMBL,0.001371,,0.6706,True,1
SCN1A,QUINIDINE SULFATE,ChEMBL,0.001371,,0.6706,True,1
SCN1A,DISOPYRAMIDE PHOSPHATE,ChEMBL,0.001371,,0.6706,True,1
SCN1A,PROPARACAINE HYDROCHLORIDE,ChEMBL,0.001371,,0.6706,True,1
SCN1A,CHLOROPROCAINE HYDROCHLORIDE,ChEMBL,0.001371,,0.6706,True,1
SCN1A,ETIDOCAINE HYDROCHLORIDE,ChEMBL,0.001371,,0.6706,True,1
SCN1A,lamotrigine,PharmGKB,0.001371,,0.6706,True,1
SCN1A,EVENAMIDE,ChEMBL,0.001371,,0.6706,True,1
SCN1A,ETHOTOIN,ChEMBL,0.001371,,0.6706,True,1
SCN1A,MEPIVACAINE HYDROCHLORIDE,ChEMBL,0.001371,,0.6706,True,1
SCN1A,PROPOXYCAINE HYDROCHLORIDE,ChEMBL,0.001371,,0.6706,True,1
SCN1A,PROPAFENONE HYDROCHLORIDE,ChEMBL,0.001371,,0.6706,True,1
SCN1A,INDECAINIDE HYDROCHLORIDE,ChEMBL,0.001371,,0.6706,True,1
SCN1A,ZONISAMIDE,ChEMBL,0.001371,,0.6706,True,1
SCN1A,ESLICARBAZEPINE ACETATE,ChEMBL,0.001371,,0.6706,True,1
SCN1A,OXCARBAZEPINE,ChEMBL,0.001371,,0.6706,True,1
SCN1A,RALFINAMIDE,ChEMBL,0.001371,,0.6706,True,1
SCN1A,TETRACAINE,ChEMBL,0.001371,,0.6706,True,1
SCN1A,ethosuximide,PharmGKB,0.001371,,0.6706,True,1
SCN1A,fluorouracil,PharmGKB,0.001371,,0.6706,True,1
SCN1A,DRONEDARONE HYDROCHLORIDE,ChEMBL,0.001371,,0.6706,True,1
SCN1A,antiepileptics,PharmGKB,0.001371,,0.6706,True,1
SCN1A,levetiracetam,PharmGKB,0.001371,,0.6706,True,1
SCN1A,RILUZOLE,ChEMBL,0.001371,,0.6706,True,1
SCN1A,PHENAZOPYRIDINE HYDROCHLORIDE,ChEMBL,0.001371,,0.6706,True,1
SCN1A,LIDOCAINE,ChEMBL,0.001371,,0.6706,True,1
SCN1A,PRIMIDONE,ChEMBL,0.001371,,0.6706,True,1
SCN1A,TOPIRAMATE,ChEMBL,0.001371,,0.6706,True,1
SCN1A,COCAINE HYDROCHLORIDE,ChEMBL,0.001371,,0.6706,True,1
SCN1A,QUINIDINE GLUCONATE,ChEMBL,0.001371,,0.6706,True,1
SCN1A,ESLICARBAZEPINE,ChEMBL,0.001371,,0.6706,True,1
SCN1A,IRAMPANEL,ChEMBL,0.001371,,0.6706,True,1
SCN1A,DYCLONINE HYDROCHLORIDE,ChEMBL,0.001371,,0.6706,True,1
SCN1A,TETRACAINE HYDROCHLORIDE,ChEMBL,0.001371,,0.6706,True,1
SCN1A,DICHLOROBENZYL ALCOHOL,ChEMBL,0.001371,,0.6706,True,1
SCN1A,LIDOCAINE HYDROCHLORIDE,ChEMBL,0.001371,,0.6706,True,1
SCN1A,PRILOCAINE,ChEMBL,0.001371,,0.6706,True,1
SCN1A,MERETHOXYLLINE PROCAINE,ChEMBL,0.001371,,0.6706,True,1
SCN1A,ORPHENADRINE CITRATE,ChEMBL,0.001371,,0.6706,True,1
SCN1A,PROCAINAMIDE HYDROCHLORIDE,ChEMBL,0.001371,,0.6706,True,1
SCN1A,ROPIVACAINE HYDROCHLORIDE,ChEMBL,0.001371,,0.6706,True,1
SCN1A,QUINIDINE POLYGALACTURONATE,ChEMBL,0.001371,,0.6706,True,1
SCN1A,PHENYTOIN SODIUM,ChEMBL,0.001371,,0.6706,True,1
SCN1A,CARBAMAZEPINE,ChEMBL,0.001371,,0.6706,True,1
SCN1A,clobazam,PharmGKB,0.001371,,0.6706,True,1
SCN1A,PHENACEMIDE,ChEMBL,0.001371,,0.6706,True,1
SCN1A,ENCAINIDE HYDROCHLORIDE,ChEMBL,0.001371,,0.6706,True,1
SCN1A,ARTICAINE HYDROCHLORIDE,ChEMBL,0.001371,,0.6706,True,1
SCN1A,NKTR-171,ChEMBL,0.001371,,0.6706,True,1
SCN1A,ERLOSAMIDE,ChEMBL,0.001371,,0.6706,True,1
SCN1A,MEXILETINE HYDROCHLORIDE,ChEMBL,0.001371,,0.6706,True,1
SCN1A,FOSPHENYTOIN SODIUM,ChEMBL,0.001371,,0.6706,True,1
SCN1A,PRILOCAINE HYDROCHLORIDE,ChEMBL,0.001371,,0.6706,True,1
SCN1A,PHENYTOIN,ChEMBL,0.001371,,0.6706,True,1
SCN1A,HEXYLCAINE HYDROCHLORIDE,ChEMBL,0.001371,,0.6706,True,1
SCN1A,MORICIZINE HYDROCHLORIDE,ChEMBL,0.001371,,0.6706,True,1
MAPT,"2,3-DIHYDROXY-4-METHOXY-4'-ETHOXYBENZOPHENONE",DTC,0.001362,,0.6706,False,1
MAPT,RESERPINE,DTC,0.001362,,0.6706,False,1
MAPT,GNF-PF-1295,DTC,0.001362,,0.6706,False,1
MAPT,SU-4312,DTC,0.001362,,0.6706,False,1
MAPT,RHAMNETIN,DTC,0.001362,,0.6706,False,1
MAPT,ISOBOLDINE,DTC,0.001362,,0.6706,False,1
MAPT,DEHYDROVARIABILIN,DTC,0.001362,,0.6706,False,1
MAPT,NSC-377852,DTC,0.001362,,0.6706,False,1
MAPT,DIHYDROERGOTAMINE,DTC,0.001362,,0.6706,False,1
MAPT,CATECHIN,DTC,0.001362,,0.6706,False,1
MAPT,ITRAZOLE,DTC,0.001362,,0.6706,False,1
MAPT,HAEMATOXYLIN,DTC,0.001362,,0.6706,False,1
MAPT,SANGUINARINE SULFATE,DTC,0.001362,,0.6706,False,1
MAPT,HELIOMYCIN,DTC,0.001362,,0.6706,False,1
MAPT,EMBELIN,DTC,0.001362,,0.6706,False,1
MAPT,ALLOXAN,DTC,0.001362,,0.6706,False,1
MAPT,GNF-PF-5052,DTC,0.001362,,0.6706,False,1
MAPT,(+)-THALIPORPHINE,DTC,0.001362,,0.6706,False,1
MAPT,"1,4-DIMETHOXYANTHRAQUINONE",DTC,0.001362,,0.6706,False,1
MAPT,GNF-PF-4283,DTC,0.001362,,0.6706,False,1
MAPT,SJ000147784,DTC,0.001362,,0.6706,False,1
MAPT,CID 4101591,DTC,0.001362,,0.6706,False,1
MAPT,(-)-ESEROLINE,DTC,0.001362,,0.6706,False,1
MAPT,HELENALIN,DTC,0.001362,,0.6706,False,1
MAPT,BISANHYDRORUTILANTINONE,DTC,0.001362,,0.6706,False,1
MAPT,GNF-PF-1134,DTC,0.001362,,0.6706,False,1
MAPT,CHLORANIL,DTC,0.001362,,0.6706,False,1
MAPT,ROSMARINIC ACID,DTC,0.001362,,0.6706,False,1
MAPT,NSC-60340,DTC,0.001362,,0.6706,False,1
MAPT,MMV007396,DTC,0.001362,,0.6706,False,1
MAPT,CYSTAMINE HYDROCHLORIDE,DTC,0.001362,,0.6706,False,1
MAPT,GNF-PF-321,DTC,0.001362,,0.6706,False,1
MAPT,TCMDC-125286,DTC,0.001362,,0.6706,False,1
MAPT,ARISTOLOCHIC ACID,DTC,0.001362,,0.6706,False,1
MAPT,APIGENIN,DTC,0.001362,,0.6706,False,1
MAPT,"2,3,4-TRIHYDROXY-4'-ETHOXYBENZOPHENONE",DTC,0.001362,,0.6706,False,1
MAPT,KOPARIN,DTC,0.001362,,0.6706,False,1
MAPT,U-0126,DTC,0.001362,,0.6706,False,1
MAPT,CEAROIN,DTC,0.001362,,0.6706,False,1
MAPT,POSDINEMAB,ChEMBL,0.001362,,0.6706,False,1
MAPT,TYRPHOSTIN 51,DTC,0.001362,,0.6706,False,1
MAPT,BAICALEIN,DTC,0.001362,,0.6706,False,1
MAPT,HEXACHLOROPHENE,DTC,0.001362,,0.6706,False,1
MAPT,GNF-PF-1852,DTC,0.001362,,0.6706,False,1
MAPT,ACID BLUE 129,DTC,0.001362,,0.6706,False,1
MAPT,GENTIAN VIOLET,DTC,0.001362,,0.6706,False,1
MAPT,ERGOCRISTINE,DTC,0.001362,,0.6706,False,1
MAPT,PROTOAPIGENONE,DTC,0.001362,,0.6706,False,1
MAPT,NIFUROXAZIDE,DTC,0.001362,,0.6706,False,1
MAPT,SEMORINEMAB,ChEMBL,0.001362,,0.6706,False,1
MAPT,TILAVONEMAB,ChEMBL,0.001362,,0.6706,False,1
MAPT,DOCEBENONE,DTC,0.001362,,0.6706,False,1
MAPT,DNDI1417941,DTC,0.001362,,0.6706,False,1
MAPT,GNF-PF-2357,DTC,0.001362,,0.6706,False,1
MAPT,"2,6-DIMETHOXYQUINONE",DTC,0.001362,,0.6706,False,1
MAPT,DANTROLENE SODIUM,DTC,0.001362,,0.6706,False,1
MAPT,PTEROSTILBENE,DTC,0.001362,,0.6706,False,1
MAPT,ROTTLERIN,DTC,0.001362,,0.6706,False,1
MAPT,12A-HYDROXY-5-DEOXYDEHYDROMUNDUSERONE,DTC,0.001362,,0.6706,False,1
MAPT,SULFURETIN,DTC,0.001362,,0.6706,False,1
MAPT,MORIN,DTC,0.001362,,0.6706,False,1
MAPT,INDIRUBIN-3-MONOXIME,DTC,0.001362,,0.6706,False,1
MAPT,TYRPHOSTIN 1,DTC,0.001362,,0.6706,False,1
MAPT,METHYL 7-DESHYDROXYPYROGALLIN-4-CARBOXYLATE,DTC,0.001362,,0.6706,False,1
MAPT,DIHYDROERGOCRISTINE,DTC,0.001362,,0.6706,False,1
MAPT,ANGUSTIBALIN,DTC,0.001362,,0.6706,False,1
MAPT,GNF-PF-3716,DTC,0.001362,,0.6706,False,1
MAPT,FELODIPINE,DTC,0.001362,,0.6706,False,1
MAPT,OXYPHENBUTAZONE,DTC,0.001362,,0.6706,False,1
MAPT,TANSHINONE IIA,DTC,0.001362,,0.6706,False,1
MAPT,CYSTAMINE DIHYDROCHLORIDE,DTC,0.001362,,0.6706,False,1
MAPT,CRYPTOTANSHINONE,DTC,0.001362,,0.6706,False,1
MAPT,CHELERYTHRINE CHLORIDE,DTC,0.001362,,0.6706,False,1
MAPT,BISSALICYL FUMARATE,DTC,0.001362,,0.6706,False,1
MAPT,GNF-PF-2755,DTC,0.001362,,0.6706,False,1
MAPT,AG-1288,DTC,0.001362,,0.6706,False,1
MAPT,MYRICETIN,DTC,0.001362,,0.6706,False,1
MAPT,GW441756X,DTC,0.001362,,0.6706,False,1
MAPT,CY-208243,DTC,0.001362,,0.6706,False,1
MAPT,DEXKETOPROFEN,DTC,0.001362,,0.6706,False,1
MAPT,IRIGINOL HEXAACEATATE,DTC,0.001362,,0.6706,False,1
MAPT,GOSURANEMAB,ChEMBL,0.001362,,0.6706,False,1
MAPT,GALLIC ACID,DTC,0.001362,,0.6706,False,1
MAPT,DIMETHYL 2-(2-NITROBENZYLIDENE)MALONATE,DTC,0.001362,,0.6706,False,1
MAPT,GNF-PF-2414,DTC,0.001362,,0.6706,False,1
MAPT,LAVENDUSTIN A,DTC,0.001362,,0.6706,False,1
MAPT,DNDI1416917,DTC,0.001362,,0.6706,False,1
MAPT,NSC-66209,DTC,0.001362,,0.6706,False,1
MAPT,NIGULDIPINE,DTC,0.001362,,0.6706,False,1
MAPT,TYRPHOSTIN A9,DTC,0.001362,,0.6706,False,1
MAPT,NSC-95397,DTC,0.001362,,0.6706,False,1
MAPT,CIS-RESVERATROL,DTC,0.001362,,0.6706,False,1
MAPT,EMODIC ACID,DTC,0.001362,,0.6706,False,1
MAPT,CYSTEINE METHYL-ESTER HCL,DTC,0.001362,,0.6706,False,1
MAPT,TETROQUINONE,DTC,0.001362,,0.6706,False,1
MAPT,GNF-PF-521,DTC,0.001362,,0.6706,False,1
MAPT,TCMDC-125575,DTC,0.001362,,0.6706,False,1
MAPT,TCMDC-123904,DTC,0.001362,,0.6706,False,1
MAPT,NICLOSAMIDE,DTC,0.001362,,0.6706,False,1
MAPT,APOMORPHINE,DTC,0.001362,,0.6706,False,1
MAPT,MESNA,DTC,0.001362,,0.6706,False,1
MAPT,MANGOSTIN,DTC,0.001362,,0.6706,False,1
MAPT,AMENTOFLAVONE,DTC,0.001362,,0.6706,False,1
MAPT,TOLONIUM CHLORIDE,DTC,0.001362,,0.6706,False,1
MAPT,GRINIMIBINE,DTC,0.001362,,0.6706,False,1
MAPT,STICTIC ACID,DTC,0.001362,,0.6706,False,1
MAPT,GW7074,DTC,0.001362,,0.6706,False,1
MAPT,FENRETINIDE,DTC,0.001362,,0.6706,False,1
MAPT,OXITRIPTAN,DTC,0.001362,,0.6706,False,1
MAPT,GNF-PF-4659,DTC,0.001362,,0.6706,False,1
MAPT,DNDI1417614,DTC,0.001362,,0.6706,False,1
MAPT,TYRPHOSTIN 23,DTC,0.001362,,0.6706,False,1
MAPT,PHOSMET,DTC,0.001362,,0.6706,False,1
MAPT,ALTENUSIN,DTC,0.001362,,0.6706,False,1
MAPT,BITHIONOL,DTC,0.001362,,0.6706,False,1
MAPT,GOSSYPETIN,DTC,0.001362,,0.6706,False,1
MAPT,ATHRAQUINONES A,DTC,0.001362,,0.6706,False,1
MAPT,TCMDC-125784,DTC,0.001362,,0.6706,False,1
MAPT,SDZ-201106,DTC,0.001362,,0.6706,False,1
MAPT,MMV006319,DTC,0.001362,,0.6706,False,1
MAPT,"PHENAZINE-2,3-DIAMINE",DTC,0.001362,,0.6706,False,1
MAPT,DNDI1318925,DTC,0.001362,,0.6706,False,1
MAPT,GNF-PF-130,DTC,0.001362,,0.6706,False,1
MAPT,AG-537,DTC,0.001362,,0.6706,False,1
MAPT,CHLOROTHALONIL,DTC,0.001362,,0.6706,False,1
MAPT,SLAZINIC ACID,DTC,0.001362,,0.6706,False,1
MAPT,ERBSTATIN,DTC,0.001362,,0.6706,False,1
MAPT,BERBERINE CHLORIDE,DTC,0.001362,,0.6706,False,1
MAPT,NSC-663284,DTC,0.001362,,0.6706,False,1
MAPT,NBQX,DTC,0.001362,,0.6706,False,1
MAPT,SHIKONIN,DTC,0.001362,,0.6706,False,1
MAPT,DIHYDROXANTHOHUMOL,DTC,0.001362,,0.6706,False,1
MAPT,SJ000147993,DTC,0.001362,,0.6706,False,1
MAPT,PROPYLENE GLYCOL MONOSTEARATE,DTC,0.001362,,0.6706,False,1
MAPT,P-PHENYLENEDIAMINE,DTC,0.001362,,0.6706,False,1
MAPT,DEPHOSTATIN,DTC,0.001362,,0.6706,False,1
MAPT,PHENAZOPYRIDINE HYDROCHLORIDE,DTC,0.001362,,0.6706,False,1
MAPT,"DALBERGIONE, 4-METHOXY-4'-HYDROXY-",DTC,0.001362,,0.6706,False,1
MAPT,GNF-PF-3996,DTC,0.001362,,0.6706,False,1
MAPT,DNDI1417722,DTC,0.001362,,0.6706,False,1
MAPT,OSAJIN,DTC,0.001362,,0.6706,False,1
MAPT,HOMIDIUM BROMIDE,DTC,0.001362,,0.6706,False,1
MAPT,TCMDC-124032,DTC,0.001362,,0.6706,False,1
MAPT,CISPLATIN,DTC,0.001362,,0.6706,False,1
MAPT,NSC-367089,DTC,0.001362,,0.6706,False,1
MAPT,TCMDC-125580,DTC,0.001362,,0.6706,False,1
MAPT,DOXORUBICIN HYDROCHLORIDE,DTC,0.001362,,0.6706,False,1
MAPT,TRANSPLATIN,DTC,0.001362,,0.6706,False,1
MAPT,RABEPRAZOLE,DTC,0.001362,,0.6706,False,1
MAPT,A-23187,DTC,0.001362,,0.6706,False,1
MAPT,NORDEFRIN,DTC,0.001362,,0.6706,False,1
MAPT,QUINALIZARIN,DTC,0.001362,,0.6706,False,1
MAPT,CARBONYL CYANIDE M-CHLOROPHENYLHYDRAZONE,DTC,0.001362,,0.6706,False,1
MAPT,GNF-PF-5007,DTC,0.001362,,0.6706,False,1
MAPT,DAUNORUBICIN HYDROCHLORIDE,DTC,0.001362,,0.6706,False,1
MAPT,NSC-9037,DTC,0.001362,,0.6706,False,1
MAPT,RHEIN,DTC,0.001362,,0.6706,False,1
MAPT,TDR77593,DTC,0.001362,,0.6706,False,1
MAPT,IRIGENOL,DTC,0.001362,,0.6706,False,1
MAPT,NSC-228155,DTC,0.001362,,0.6706,False,1
MAPT,GUTHION,DTC,0.001362,,0.6706,False,1
MAPT,SB-408124,DTC,0.001362,,0.6706,False,1
MAPT,2-BENZOYL-5-METHOXYBENZOQUINONE,DTC,0.001362,,0.6706,False,1
MAPT,SJ000014858,DTC,0.001362,,0.6706,False,1
MAPT,NSC-50654,DTC,0.001362,,0.6706,False,1
MAPT,NIFEDIPINE,DTC,0.001362,,0.6706,False,1
MAPT,GNF-PF-67,DTC,0.001362,,0.6706,False,1
MAPT,SJ000044511,DTC,0.001362,,0.6706,False,1
MAPT,NOREPINEPHRINE,DTC,0.001362,,0.6706,False,1
MAPT,SARCOLYSIN,DTC,0.001362,,0.6706,False,1
MAPT,PARAROSANILINE,DTC,0.001362,,0.6706,False,1
MAPT,"2,5-BIS(4-MORPHOLINOSTYRYL)PYRAZINE",DTC,0.001362,,0.6706,False,1
MAPT,NSC-69187,DTC,0.001362,,0.6706,False,1
MAPT,SR-2640,DTC,0.001362,,0.6706,False,1
MAPT,"3,4-DIDESMETHYL-5-DESHYDROXY-3'-ETHOXYSCLEROIN",DTC,0.001362,,0.6706,False,1
MAPT,LUTEOLIN,DTC,0.001362,,0.6706,False,1
MAPT,AG-370,DTC,0.001362,,0.6706,False,1
MAPT,BAS 01152706,DTC,0.001362,,0.6706,False,1
MAPT,"7,8,2'-TRIHYDROXYFLAVONE",DTC,0.001362,,0.6706,False,1
MAPT,NSC-601359,DTC,0.001362,,0.6706,False,1
MAPT,BROMOENOL LACTONE,DTC,0.001362,,0.6706,False,1
MAPT,CARBOPLATIN,DTC,0.001362,,0.6706,False,1
MAPT,EPIGALOCATECHIN GALLATE,DTC,0.001362,,0.6706,False,1
MAPT,SJ000113972,DTC,0.001362,,0.6706,False,1
MAPT,WORTMANNIN,DTC,0.001362,,0.6706,False,1
MAPT,DITHIAZANINE IODIDE,DTC,0.001362,,0.6706,False,1
MAPT,ELLIPTECINE,DTC,0.001362,,0.6706,False,1
MAPT,GNF-PF-2968,DTC,0.001362,,0.6706,False,1
MAPT,GNF-PF-1644,DTC,0.001362,,0.6706,False,1
MAPT,PURPUROGALLIN,DTC,0.001362,,0.6706,False,1
MAPT,SB-415286,DTC,0.001362,,0.6706,False,1
MAPT,"3,3',4'-TRIHYDROXYFLAVONE",DTC,0.001362,,0.6706,False,1
MAPT,NSC-402083,DTC,0.001362,,0.6706,False,1
MAPT,GNF-PF-5061,DTC,0.001362,,0.6706,False,1
MAPT,D-DOPA,DTC,0.001362,,0.6706,False,1
MAPT,DNDI1417063,DTC,0.001362,,0.6706,False,1
MAPT,CURCUMIN,DTC,0.001362,,0.6706,False,1
MAPT,SJ000294102,DTC,0.001362,,0.6706,False,1
MAPT,5-BENZYLOXYTRYPTAMINE,DTC,0.001362,,0.6706,False,1
MAPT,GNF-PF-1919,DTC,0.001362,,0.6706,False,1
MAPT,NSC-632536,DTC,0.001362,,0.6706,False,1
MAPT,LY-367265,DTC,0.001362,,0.6706,False,1
MAPT,GNF-PF-1549,DTC,0.001362,,0.6706,False,1
MAPT,GNF-PF-5510,DTC,0.001362,,0.6706,False,1
MAPT,R-N-PROPYLNORAPOMORPHINE,DTC,0.001362,,0.6706,False,1
MAPT,CAPSAZEPINE,DTC,0.001362,,0.6706,False,1
MAPT,GOSSYPOL,DTC,0.001362,,0.6706,False,1
MAPT,GNF-PF-4227,DTC,0.001362,,0.6706,False,1
MAPT,CARBONYL CYANIDE P-TRIFLUOROMETHOXYPHENYL HYDRAZONE,DTC,0.001362,,0.6706,False,1
MAPT,BENSERAZIDE HYDROCHLORIDE,DTC,0.001362,,0.6706,False,1
MAPT,HYPERICIN,DTC,0.001362,,0.6706,False,1
MAPT,COUMESTROL,DTC,0.001362,,0.6706,False,1
MAPT,NSC-102742,DTC,0.001362,,0.6706,False,1
MAPT,INDIGOTINDISULFONATE,DTC,0.001362,,0.6706,False,1
MAPT,XANTHOANGELOL,DTC,0.001362,,0.6706,False,1
MAPT,DNDI1417519,DTC,0.001362,,0.6706,False,1
MAPT,MMV006389,DTC,0.001362,,0.6706,False,1
MAPT,GNF-2,DTC,0.001362,,0.6706,False,1
MAPT,4-HYDROXYDERRICIN,DTC,0.001362,,0.6706,False,1
MAPT,O-DEMETHYLATED ADAPALENE,DTC,0.001362,,0.6706,False,1
MAPT,TCMDC-124518,DTC,0.001362,,0.6706,False,1
MAPT,DNDI1417111,DTC,0.001362,,0.6706,False,1
MAPT,NSC-111847,DTC,0.001362,,0.6706,False,1
MAPT,BILIRUBIN,DTC,0.001362,,0.6706,False,1
MAPT,PYRANTEL PAMOATE,DTC,0.001362,,0.6706,False,1
MAPT,GNF-PF-3582,DTC,0.001362,,0.6706,False,1
MAPT,ACITRETIN,DTC,0.001362,,0.6706,False,1
MAPT,OMEPRAZOLE,DTC,0.001362,,0.6706,False,1
MAPT,DNDI1417086,DTC,0.001362,,0.6706,False,1
MAPT,EPINEPHRINE BITARTRATE,DTC,0.001362,,0.6706,False,1
MAPT,CARNOSIC ACID,DTC,0.001362,,0.6706,False,1
MAPT,(E)-DIBENZYLIDENEACETONE,DTC,0.001362,,0.6706,False,1
MAPT,EPALRESTAT,DTC,0.001362,,0.6706,False,1
MAPT,SULFASALAZINE,DTC,0.001362,,0.6706,False,1
MAPT,TCMDC-124224,DTC,0.001362,,0.6706,False,1
MAPT,CGP-53353,DTC,0.001362,,0.6706,False,1
MAPT,SJ000079774,DTC,0.001362,,0.6706,False,1
MAPT,LANSOPRAZOLE,DTC,0.001362,,0.6706,False,1
MAPT,TRICLABENDAZOLE,DTC,0.001362,,0.6706,False,1
MAPT,APOMORPHINE HYDROCHLORIDE HEMIHYDRATE,DTC,0.001362,,0.6706,False,1
MAPT,GNF-PF-4300,DTC,0.001362,,0.6706,False,1
MAPT,TYRPHOSTIN 47,DTC,0.001362,,0.6706,False,1
MAPT,ZK-93423,DTC,0.001362,,0.6706,False,1
MAPT,METHYLDOPA (RACEMIC),DTC,0.001362,,0.6706,False,1
MAPT,MECYSTEINE HYDROCHLORIDE,DTC,0.001362,,0.6706,False,1
MAPT,"2',3'-DIHYDROXYFLAVONE",DTC,0.001362,,0.6706,False,1
MAPT,HOE-33342,DTC,0.001362,,0.6706,False,1
MAPT,PH-011685,DTC,0.001362,,0.6706,False,1
MAPT,GEFITINIB,DTC,0.001362,,0.6706,False,1
MAPT,TCMDC-125602,DTC,0.001362,,0.6706,False,1
MAPT,R(-)-PROPYLNORAPOMORPHINE HCL,DTC,0.001362,,0.6706,False,1
MAPT,MMV085203,DTC,0.001362,,0.6706,False,1
MAPT,DANTROLENE,DTC,0.001362,,0.6706,False,1
MAPT,"2,5-BIS(4-METHOXYSTYRYL)PYRAZINE",DTC,0.001362,,0.6706,False,1
MAPT,DIAMIDE,DTC,0.001362,,0.6706,False,1
MAPT,QUERCETIN,DTC,0.001362,,0.6706,False,1
MAPT,GNF-PF-3350,DTC,0.001362,,0.6706,False,1
MAPT,FLUPIRTINE MALEATE,DTC,0.001362,,0.6706,False,1
MAPT,DIHYDROGAMBOGIC ACID,DTC,0.001362,,0.6706,False,1
MAPT,GNF-PF-4085,DTC,0.001362,,0.6706,False,1
MAPT,GNF-PF-5134,DTC,0.001362,,0.6706,False,1
MAPT,DNDI1417773,DTC,0.001362,,0.6706,False,1
MAPT,AGROCLAVINE,DTC,0.001362,,0.6706,False,1
MAPT,3-METHYLCHOLANTHRENE,DTC,0.001362,,0.6706,False,1
MAPT,3-MORPHOLINOSYDNONIMINE HCL,DTC,0.001362,,0.6706,False,1
MAPT,SJ000262801,DTC,0.001362,,0.6706,False,1
MAPT,GNF-PF-5114,DTC,0.001362,,0.6706,False,1
MAPT,GNF-PF-2776,DTC,0.001362,,0.6706,False,1
MAPT,THIOLUTIN,DTC,0.001362,,0.6706,False,1
MAPT,IDARUBICIN,DTC,0.001362,,0.6706,False,1
MAPT,ETHOPROPAZINE HYDROCHLORIDE,DTC,0.001362,,0.6706,False,1
MAPT,ZAGOTENEMAB,ChEMBL,0.001362,,0.6706,False,1
MAPT,BEPRANEMAB,ChEMBL,0.001362,,0.6706,False,1
MAPT,CHOLECALCIFEROL,DTC,0.001362,,0.6706,False,1
MAPT,OXOPURPUREINE,DTC,0.001362,,0.6706,False,1
MAPT,NITAZOXANIDE,DTC,0.001362,,0.6706,False,1
MAPT,GNF-PF-840,DTC,0.001362,,0.6706,False,1
MAPT,SJ000059275,DTC,0.001362,,0.6706,False,1
MAPT,SJ000024939,DTC,0.001362,,0.6706,False,1
MAPT,(S)APOMORPHINE,DTC,0.001362,,0.6706,False,1
MAPT,AURINTRICARBOXYLIC ACID,DTC,0.001362,,0.6706,False,1
MAPT,LAPACHOL,DTC,0.001362,,0.6706,False,1
MAPT,"4,4'-DIMETHOXYDALBERGIONE",DTC,0.001362,,0.6706,False,1
MAPT,RACEPINEPHRINE,DTC,0.001362,,0.6706,False,1
MAPT,TCMDC-124022,DTC,0.001362,,0.6706,False,1
MAPT,ERGOCRYPTINE,DTC,0.001362,,0.6706,False,1
MAPT,HYDROXYZINE PAMOATE,DTC,0.001362,,0.6706,False,1
MAPT,TCMDC-124055,DTC,0.001362,,0.6706,False,1
MAPT,PROTOPORPHYRIN,DTC,0.001362,,0.6706,False,1
MAPT,OBTUSAQUINONE,DTC,0.001362,,0.6706,False,1
MAPT,"3,4-DIMETHOXYDALBERGIONE",DTC,0.001362,,0.6706,False,1
MAPT,SEMAXANIB,DTC,0.001362,,0.6706,False,1
MAPT,PICEATANNOL,DTC,0.001362,,0.6706,False,1
MAPT,SB-200646,DTC,0.001362,,0.6706,False,1
MAPT,DAUNORUBICIN,DTC,0.001362,,0.6706,False,1
MAPT,DAMNACANTHAL,DTC,0.001362,,0.6706,False,1
MAPT,FUMARPROTOCETRARIC ACID,DTC,0.001362,,0.6706,False,1
MAPT,MAHANIMBINE,DTC,0.001362,,0.6706,False,1
MAPT,SAPPANONE A DIMETHYL ETHER,DTC,0.001362,,0.6706,False,1
MAPT,DNDI1417080,DTC,0.001362,,0.6706,False,1
MAPT,PURPURIN,DTC,0.001362,,0.6706,False,1
MAPT,5-NITRO-2-PHENYLPROPYLAMINOBENZOIC ACID [NPPB],DTC,0.001362,,0.6706,False,1
MAPT,TCMDC-124422,DTC,0.001362,,0.6706,False,1
MAPT,ETHACRIDINE LACTATE,DTC,0.001362,,0.6706,False,1
MAPT,GETIACAULEIN,DTC,0.001362,,0.6706,False,1
MAPT,IODOPHTHALEIN,DTC,0.001362,,0.6706,False,1
MAPT,PHENSERINE,DTC,0.001362,,0.6706,False,1
MAPT,PIPLARTINE,DTC,0.001362,,0.6706,False,1
MAPT,FISETIN,DTC,0.001362,,0.6706,False,1
MAPT,"2',3,4-TRIHYDROXYCHALCONE",DTC,0.001362,,0.6706,False,1
MAPT,RO-318220,DTC,0.001362,,0.6706,False,1
MAPT,4-({[2-(BENZYLOXY)PHENYL]METHYL}AMINO)PHENOL,DTC,0.001362,,0.6706,False,1
MAPT,"1,2-DIPHENYLDISULFANE",DTC,0.001362,,0.6706,False,1
MAPT,TYRPHOSTIN 25,DTC,0.001362,,0.6706,False,1
MAPT,CARBIDOPA,DTC,0.001362,,0.6706,False,1
MAPT,HARMALOL,DTC,0.001362,,0.6706,False,1
MAPT,GNF-PF-3012,DTC,0.001362,,0.6706,False,1
MAPT,NSC-98938,DTC,0.001362,,0.6706,False,1
MAPT,NSC-92207,DTC,0.001362,,0.6706,False,1
MAPT,LINOLENIC ACID,DTC,0.001362,,0.6706,False,1
MAPT,BISINDOLYLMALEIMIDE IX,DTC,0.001362,,0.6706,False,1
MAPT,GNF-PF-1399,DTC,0.001362,,0.6706,False,1
MAPT,METHYSERGIDE MALEATE,DTC,0.001362,,0.6706,False,1
MAPT,ELLAGIC ACID,DTC,0.001362,,0.6706,False,1
MAPT,CCT018159,DTC,0.001362,,0.6706,False,1
MAPT,"3,8'-BIAPIGENIN",DTC,0.001362,,0.6706,False,1
MAPT,TRIBROMSALAN,DTC,0.001362,,0.6706,False,1
MAPT,DNDI1417932,DTC,0.001362,,0.6706,False,1
MAPT,EPINEPHRINE,DTC,0.001362,,0.6706,False,1
MAPT,EMODIN,DTC,0.001362,,0.6706,False,1
MAPT,POMIFERIN,DTC,0.001362,,0.6706,False,1
MAPT,"9,10-PHENANTHRENEQUINONE",DTC,0.001362,,0.6706,False,1
MAPT,QUINOLIN-6-YLAMINE,DTC,0.001362,,0.6706,False,1
MAPT,PANTOPRAZOLE,DTC,0.001362,,0.6706,False,1
MAPT,SAPPANONE A TRIMETHYL ETHER,DTC,0.001362,,0.6706,False,1
MAPT,N-(4-NITROPHENYL)ANTHRANILIC ACID,DTC,0.001362,,0.6706,False,1
MAPT,DNDI1417607,DTC,0.001362,,0.6706,False,1
MAPT,GNF-PF-1947,DTC,0.001362,,0.6706,False,1
MAPT,GNF-PF-1529,DTC,0.001362,,0.6706,False,1
MAPT,PD-404182,DTC,0.001362,,0.6706,False,1
MAPT,Z-PRO-PROLINAL,DTC,0.001362,,0.6706,False,1
MAPT,AG-494,DTC,0.001362,,0.6706,False,1
MAPT,HEMATOXYLIN,DTC,0.001362,,0.6706,False,1
MAPT,DICHLOROPHEN,DTC,0.001362,,0.6706,False,1
MAPT,AROMATICIN,DTC,0.001362,,0.6706,False,1
MAPT,OXOGLAUCINE,DTC,0.001362,,0.6706,False,1
MAPT,CEFACLOR,DTC,0.001362,,0.6706,False,1
MAPT,NSC-107022,DTC,0.001362,,0.6706,False,1
MAPT,BI-87E7,DTC,0.001362,,0.6706,False,1
MAPT,BENZO[D]ISOTHIAZOL-3-ONE,DTC,0.001362,,0.6706,False,1
MAPT,INDIRUBIN SULFATE,DTC,0.001362,,0.6706,False,1
MAPT,PLUMBAGIN,DTC,0.001362,,0.6706,False,1
MAPT,DIHYDROERGOCRISTINE MESYLATE,DTC,0.001362,,0.6706,False,1
MAPT,GW282974X,DTC,0.001362,,0.6706,False,1
MAPT,AG-808,DTC,0.001362,,0.6706,False,1
MAPT,RALOXIFENE,DTC,0.001362,,0.6706,False,1
MAPT,RALOXIFENE HYDROCHLORIDE,DTC,0.001362,,0.6706,False,1
MAPT,ISOGINKGETIN,DTC,0.001362,,0.6706,False,1
MAPT,ZAPA,DTC,0.001362,,0.6706,False,1
MAPT,S(+)-ISOPROTERENOL-BITARTRATE,DTC,0.001362,,0.6706,False,1
MAPT,AG-126,DTC,0.001362,,0.6706,False,1
MAPT,CARMINOMYCIN,DTC,0.001362,,0.6706,False,1
MAPT,HOMIDIUM,DTC,0.001362,,0.6706,False,1
MAPT,MACLURAXANTHONE,DTC,0.001362,,0.6706,False,1
MAPT,METHYLENE BLUE,DTC,0.001362,,0.6706,False,1
MAPT,PD-98059,DTC,0.001362,,0.6706,False,1
MAPT,PHENANTHROLINE,DTC,0.001362,,0.6706,False,1
MAPT,BETA-LAPACHONE,DTC,0.001362,,0.6706,False,1
MAPT,"2,5-BIS(4-ISOPROPYLSTYRYL)PYRAZINE",DTC,0.001362,,0.6706,False,1
MAPT,SB-204741,DTC,0.001362,,0.6706,False,1
MAPT,PHENOTHIAZINE,DTC,0.001362,,0.6706,False,1
MAPT,STAUROSPORINE AGLYCON,DTC,0.001362,,0.6706,False,1
MAPT,PD-169316,DTC,0.001362,,0.6706,False,1
MAPT,ARACHIDONIC ACID,DTC,0.001362,,0.6706,False,1
MAPT,DNDI1417025,DTC,0.001362,,0.6706,False,1
MAPT,"5,6,7,8,4'-PENTAHYDROXYFLAVONE",DTC,0.001362,,0.6706,False,1
MAPT,3-METHOXYCATECHOL,DTC,0.001362,,0.6706,False,1
MAPT,ISOVELLERAL,DTC,0.001362,,0.6706,False,1
MAPT,TANSHINONE I,DTC,0.001362,,0.6706,False,1
MAPT,TCMDC-124544,DTC,0.001362,,0.6706,False,1
MAPT,TRIMETREXATE,DTC,0.001362,,0.6706,False,1
MAPT,OXIDOPAMINE HYDROCHLORIDE,DTC,0.001362,,0.6706,False,1
MAPT,GARCINONE E,DTC,0.001362,,0.6706,False,1
MAPT,DIHYDROERGOTAMINE MESYLATE,DTC,0.001362,,0.6706,False,1
MAPT,ARUNDINE,DTC,0.001362,,0.6706,False,1
MAPT,MENADIONE,DTC,0.001362,,0.6706,False,1
MAPT,ISOEUGENITOL,DTC,0.001362,,0.6706,False,1
MAPT,VU001171,DTC,0.001362,,0.6706,False,1
MAPT,INAMRINONE,DTC,0.001362,,0.6706,False,1
MAPT,GNF-PF-2298,DTC,0.001362,,0.6706,False,1
MAPT,NSC-175743,DTC,0.001362,,0.6706,False,1
MAPT,GNF-PF-3537,DTC,0.001362,,0.6706,False,1
MAPT,LY-83583,DTC,0.001362,,0.6706,False,1
MAPT,SANGUINARIUM CHLORIDE,DTC,0.001362,,0.6706,False,1
MAPT,TCMDC-123723,DTC,0.001362,,0.6706,False,1
MAPT,S-166659,DTC,0.001362,,0.6706,False,1
MAPT,NORDIHYDROGUAIARETIC ACID,DTC,0.001362,,0.6706,False,1
MAPT,AMINOHIPPURIC ACID,DTC,0.001362,,0.6706,False,1
MAPT,METHYLTHIONINIUM CHLORIDE,DTC,0.001362,,0.6706,False,1
MAPT,DERRUBONE,DTC,0.001362,,0.6706,False,1
MAPT,TRICETIN,DTC,0.001362,,0.6706,False,1
MAPT,DOCONEXENT,DTC,0.001362,,0.6706,False,1
MAPT,CYSTEAMINE HYDROCHLORIDE,DTC,0.001362,,0.6706,False,1
MAPT,4-HYDROXYESTRADIOL,DTC,0.001362,,0.6706,False,1
MAPT,AM-404,DTC,0.001362,,0.6706,False,1
MAPT,RESVERATROL,DTC,0.001362,,0.6706,False,1
MAPT,L-755507,DTC,0.001362,,0.6706,False,1
MAPT,CHELERYTHRINE,DTC,0.001362,,0.6706,False,1
MAPT,OXYTETRACYCLINE,DTC,0.001362,,0.6706,False,1
MAPT,"1,2-NAPHTHOQUINONE",DTC,0.001362,,0.6706,False,1
MAPT,DAPH,DTC,0.001362,,0.6706,False,1
MAPT,MITOXANTRONE DIHYDROCHLORIDE,DTC,0.001362,,0.6706,False,1
MAPT,AMSACRINE HYDROCHLORIDE,DTC,0.001362,,0.6706,False,1
MAPT,"4,6-BIS(4-MORPHOLINOSTYRYL)PYRIMIDINE",DTC,0.001362,,0.6706,False,1
MAPT,HTS-05056,DTC,0.001362,,0.6706,False,1
MAPT,GF-109203,DTC,0.001362,,0.6706,False,1
MAPT,GNF-PF-3756,DTC,0.001362,,0.6706,False,1
MAPT,"3,4-DICHLOROISOCOUMARIN",DTC,0.001362,,0.6706,False,1
MAPT,ISOLIQUIRITIGENIN,DTC,0.001362,,0.6706,False,1
MAPT,NSC-11437,DTC,0.001362,,0.6706,False,1
MAPT,CONGO RED,DTC,0.001362,,0.6706,False,1
MAPT,"3',4'-DIHYDROXYFLAVONE",DTC,0.001362,,0.6706,False,1
MAPT,BITHIONOLATE SODIUM,DTC,0.001362,,0.6706,False,1
MAPT,TCMDC-123869,DTC,0.001362,,0.6706,False,1
MAPT,PITTSBURGH COMPOUND B,DTC,0.001362,,0.6706,False,1
MAPT,2-AMINOPHENOXAZINONE,DTC,0.001362,,0.6706,False,1
MAPT,STREPTONIGRIN,DTC,0.001362,,0.6706,False,1
MAPT,PATULIN,DTC,0.001362,,0.6706,False,1
MAPT,NORSTICTIC ACID,DTC,0.001362,,0.6706,False,1
MAPT,CAFFEIC ACID PHENETHYL ESTER,DTC,0.001362,,0.6706,False,1
MAPT,DIMETHYL GAMBOGATE,DTC,0.001362,,0.6706,False,1
MAPT,ZK-164015,DTC,0.001362,,0.6706,False,1
MAPT,KAEMPFEROL,DTC,0.001362,,0.6706,False,1
MAPT,TCMDC-123916,DTC,0.001362,,0.6706,False,1
MAPT,RATANIAPHENOL II,DTC,0.001362,,0.6706,False,1
MAPT,SANGUINARIUM,DTC,0.001362,,0.6706,False,1
MAPT,GNF-PF-186,DTC,0.001362,,0.6706,False,1
MAPT,JUGLONE,DTC,0.001362,,0.6706,False,1
MAPT,"PYRROLIDINE DITHIOCARBAMIC ACID, AMMONIUM SALT",DTC,0.001362,,0.6706,False,1
MAPT,4-METHOXYDALBERGIONE,DTC,0.001362,,0.6706,False,1
MAPT,GNF-PF-372,DTC,0.001362,,0.6706,False,1
MAPT,OLEOYL DOPAMINE,DTC,0.001362,,0.6706,False,1
CADM2,ethanol,PharmGKB,0.001295,,0.6706,False,1
NLGN1,fluorouracil,PharmGKB,0.000447,,0.6706,False,1
BDNF,GEMFIBROZIL,NCI,0.000438,,0.6706,False,1
BDNF,PILOCARPINE,NCI,0.000438,,0.6706,False,1
BDNF,ICI 182780,NCI,0.000438,,0.6706,False,1
BDNF,TUMOR NECROSIS FACTOR,NCI,0.000438,,0.6706,False,1
BDNF,Selective serotonin reuptake inhibitors,PharmGKB,0.000438,,0.6706,False,1
BDNF,ANTIBIOTICS,NCI,0.000438,,0.6706,False,1
BDNF,ANESTHETICS,NCI,0.000438,,0.6706,False,1
BDNF,NYSTATIN,NCI,0.000438,,0.6706,False,1
BDNF,INOSITOL,NCI,0.000438,,0.6706,False,1
BDNF,L-DOPA,NCI,0.000438,,0.6706,False,1
BDNF,VINCRISTINE,NCI,0.000438,,0.6706,False,1
BDNF,nortriptyline,PharmGKB,0.000438,,0.6706,False,1
BDNF,clomipramine,PharmGKB,0.000438,,0.6706,False,1
BDNF,desipramine,PharmGKB,0.000438,,0.6706,False,1
BDNF,ANTIDEPRESSANT,NCI,0.000438,,0.6706,False,1
BDNF,methylphenidate,PharmGKB,0.000438,,0.6706,False,1
BDNF,METHYLPREDNISOLONE,NCI,0.000438,,0.6706,False,1
BDNF,5-FU,NCI,0.000438,,0.6706,False,1
BDNF,PACLITAXEL,NCI,0.000438,,0.6706,False,1
BDNF,PROPRANOLOL,NCI,0.000438,,0.6706,False,1
BDNF,TETRAHYDROCANNABINOL,NCI,0.000438,,0.6706,False,1
BDNF,TRICHOSTATIN A,NCI,0.000438,,0.6706,False,1
BDNF,ACTH,NCI,0.000438,,0.6706,False,1
BDNF,BACLOFEN,NCI,0.000438,,0.6706,False,1
BDNF,amitriptyline,PharmGKB,0.000438,,0.6706,False,1
BDNF,IONOMYCIN,NCI,0.000438,,0.6706,False,1
BDNF,DIURETIC,NCI,0.000438,,0.6706,False,1
BDNF,CYCLOOXYGENASE INHIBITOR,NCI,0.000438,,0.6706,False,1
BDNF,ARSENIC TRIOXIDE,NCI,0.000438,,0.6706,False,1
BDNF,COMPLETE FREUND&APOS;S ADJUVANT,NCI,0.000438,,0.6706,False,1
BDNF,NICOTINE,NCI,0.000438,,0.6706,False,1
BDNF,THYROGLOBULIN,NCI,0.000438,,0.6706,False,1
BDNF,MEDICATION,NCI,0.000438,,0.6706,False,1
BDNF,TRIIODOTHYRONINE,NCI,0.000438,,0.6706,False,1
BDNF,metformin,PharmGKB,0.000438,,0.6706,False,1
BDNF,DOXORUBICIN,NCI,0.000438,,0.6706,False,1
BDNF,ALPHA-METHYL-P-TYROSINE,NCI,0.000438,,0.6706,False,1
BDNF,GLUCAGON,NCI,0.000438,,0.6706,False,1
BDNF,ERYTHROPOIETIN,NCI,0.000438,,0.6706,False,1
BDNF,H2O2,NCI,0.000438,,0.6706,False,1
BDNF,HORMONES,NCI,0.000438,,0.6706,False,1
BDNF,"Antiinflammatory agents, non-steroids",PharmGKB,0.000438,,0.6706,False,1
BDNF,TPA,NCI,0.000438,,0.6706,False,1
BDNF,DONEPEZIL,NCI,0.000438,,0.6706,False,1
BDNF,GP-120,NCI,0.000438,,0.6706,False,1
BDNF,CURCUMIN,NCI,0.000438,,0.6706,False,1
BDNF,ACTINOMYCIN D,NCI,0.000438,,0.6706,False,1
BDNF,DDTC,NCI,0.000438,,0.6706,False,1
BDNF,TRANSFORMING GROWTH FACTOR,NCI,0.000438,,0.6706,False,1
BDNF,VASOPRESSIN,NCI,0.000438,,0.6706,False,1
BDNF,IMIPRAMINE,NCI,0.000438,,0.6706,False,1
BDNF,CAPSAICIN,NCI,0.000438,,0.6706,False,1
BDNF,GONADOTROPINS,NCI,0.000438,,0.6706,False,1
BDNF,OPIATE,NCI,0.000438,,0.6706,False,1
BDNF,K-252A,NCI,0.000438,,0.6706,False,1
BDNF,SALINE,NCI,0.000438,,0.6706,False,1
BDNF,NALOXONE,NCI,0.000438,,0.6706,False,1
BDNF,INTERLEUKIN-1 RECEPTOR ANTAGONIST,NCI,0.000438,,0.6706,False,1
BDNF,TROGLITAZONE,NCI,0.000438,,0.6706,False,1
BDNF,VERTEPORFIN,NCI,0.000438,,0.6706,False,1
BDNF,Analgesics,PharmGKB,0.000438,,0.6706,False,1
BDNF,trimipramine,PharmGKB,0.000438,,0.6706,False,1
BDNF,CETUXIMAB,NCI,0.000438,,0.6706,False,1
BDNF,LITHIUM,NCI,0.000438,,0.6706,False,1
BDNF,RNA POLYMERASE INHIBITOR,NCI,0.000438,,0.6706,False,1
BDNF,PROPYLTHIOURACIL,NCI,0.000438,,0.6706,False,1
BDNF,MAO INHIBITORS,NCI,0.000438,,0.6706,False,1
BDNF,IL-12,NCI,0.000438,,0.6706,False,1
BDNF,COLCHICINE,NCI,0.000438,,0.6706,False,1
BDNF,NG-MONOMETHYL-L-ARGININE,NCI,0.000438,,0.6706,False,1
BDNF,CAMPTOTHECIN,NCI,0.000438,,0.6706,False,1
BDNF,FLURBIPROFEN,NCI,0.000438,,0.6706,False,1
BDNF,MIFEPRISTONE,NCI,0.000438,,0.6706,False,1
BDNF,INDOMETHACIN,NCI,0.000438,,0.6706,False,1
BDNF,MARIJUANA,NCI,0.000438,,0.6706,False,1
BDNF,opioids,PharmGKB,0.000438,,0.6706,False,1
BDNF,doxepin,PharmGKB,0.000438,,0.6706,False,1
BDNF,BORTEZOMIB,NCI,0.000438,,0.6706,False,1
BDNF,ANTIOXIDANT,NCI,0.000438,,0.6706,False,1
BDNF,12-O-TETRADECANOYLPHORBOL-13-ACETATE,NCI,0.000438,,0.6706,False,1
BDNF,NICARDIPINE,NCI,0.000438,,0.6706,False,1
BDNF,TOPOTECAN,NCI,0.000438,,0.6706,False,1
BDNF,CD271,NCI,0.000438,,0.6706,False,1
BDNF,GENTAMICIN,NCI,0.000438,,0.6706,False,1
BDNF,CYTOKINES,NCI,0.000438,,0.6706,False,1
BDNF,PROTEIN KINASE INHIBITOR,NCI,0.000438,,0.6706,False,1
BDNF,POLYSIALIC ACID,NCI,0.000438,,0.6706,False,1
BDNF,HYPERBARIC OXYGEN,NCI,0.000438,,0.6706,False,1
BDNF,sumatriptan,PharmGKB,0.000438,,0.6706,False,1
BDNF,MAO inhibitors,PharmGKB,0.000438,,0.6706,False,1
BDNF,6-HYDROXYDOPAMINE,NCI,0.000438,,0.6706,False,1
BDNF,CHLORPROMAZINE,NCI,0.000438,,0.6706,False,1
BDNF,olanzapine,PharmGKB,0.000438,,0.6706,False,1
BDNF,DDI,NCI,0.000438,,0.6706,False,1
BDNF,NORMAL SALINE,NCI,0.000438,,0.6706,False,1
BDNF,SIMVASTATIN,NCI,0.000438,,0.6706,False,1
BDNF,LIDOCAINE,NCI,0.000438,,0.6706,False,1
BDNF,PROTEIN KINASE C INHIBITOR,NCI,0.000438,,0.6706,False,1
BDNF,ESTRADIOL BENZOATE,NCI,0.000438,,0.6706,False,1
BDNF,HALOPERIDOL,NCI,0.000438,,0.6706,False,1
BDNF,INSULIN,NCI,0.000438,,0.6706,False,1
BDNF,ZINC SULFATE,NCI,0.000438,,0.6706,False,1
BDNF,TYROSINE HYDROXYLASE INHIBITOR,NCI,0.000438,,0.6706,False,1
BDNF,VENLAFAXINE,NCI,0.000438,,0.6706,False,1
BDNF,DES,NCI,0.000438,,0.6706,False,1
BDNF,METHADONE,NCI,0.000438,,0.6706,False,1
BDNF,TRAMADOL,NCI,0.000438,,0.6706,False,1
BDNF,TCDD,NCI,0.000438,,0.6706,False,1
BDNF,Ergot alkaloids,PharmGKB,0.000438,,0.6706,False,1
SLC6A4,TESOFENSINE,ChEMBL,-0.000502,,0.7451,False,1
SLC6A4,Selective serotonin reuptake inhibitors,PharmGKB,-0.000502,,0.7451,False,1
SLC6A4,ondansetron,PharmGKB,-0.000502,,0.7451,False,1
SLC6A4,LEVOMILNACIPRAN HYDROCHLORIDE,ChEMBL,-0.000502,,0.7451,False,1
SLC6A4,DESVENLAFAXINE FUMARATE,ChEMBL,-0.000502,,0.7451,False,1
SLC6A4,evodiamine,PharmGKB,-0.000502,,0.7451,False,1
SLC6A4,berberine,PharmGKB,-0.000502,,0.7451,False,1
SLC6A4,AMITRIPTYLINE HYDROCHLORIDE,ChEMBL,-0.000502,,0.7451,False,1
SLC6A4,NEFAZODONE HYDROCHLORIDE,ChEMBL,-0.000502,,0.7451,False,1
SLC6A4,buprenorphine,PharmGKB,-0.000502,,0.7451,False,1
SLC6A4,VENLAFAXINE HYDROCHLORIDE,ChEMBL,-0.000502,,0.7451,False,1
SLC6A4,clozapine,PharmGKB,-0.000502,,0.7451,False,1
SLC6A4,ribavirin,PharmGKB,-0.000502,,0.7451,False,1
SLC6A4,CLOMIPRAMINE HYDROCHLORIDE,ChEMBL,-0.000502,,0.7451,False,1
SLC6A4,FAXELADOL,ChEMBL,-0.000502,,0.7451,False,1
SLC6A4,FLUVOXAMINE MALEATE,ChEMBL,-0.000502,,0.7451,False,1
SLC6A4,METHAMPHETAMINE HYDROCHLORIDE,ChEMBL,-0.000502,,0.7451,False,1
SLC6A4,desipramine,PharmGKB,-0.000502,,0.7451,False,1
SLC6A4,TEDATIOXETINE,ChEMBL,-0.000502,,0.7451,False,1
SLC6A4,levomilnacipran,PharmGKB,-0.000502,,0.7451,False,1
SLC6A4,BICIFADINE,ChEMBL,-0.000502,,0.7451,False,1
SLC6A4,disulfiram,PharmGKB,-0.000502,,0.7451,False,1
SLC6A4,NS-2359,ChEMBL,-0.000502,,0.7451,False,1
SLC6A4,trimipramine,PharmGKB,-0.000502,,0.7451,False,1
SLC6A4,DAPOXETINE,ChEMBL,-0.000502,,0.7451,False,1
SLC6A4,LIAFENSINE,ChEMBL,-0.000502,,0.7451,False,1
SLC6A4,FLUOXETINE HYDROCHLORIDE,ChEMBL,-0.000502,,0.7451,False,1
SLC6A4,IMIPRAMINE HYDROCHLORIDE,ChEMBL,-0.000502,,0.7451,False,1
SLC6A4,PAROXETINE MESYLATE,ChEMBL,-0.000502,,0.7451,False,1
SLC6A4,peginterferon alfa-2b,PharmGKB,-0.000502,,0.7451,False,1
SLC6A4,PAROXETINE HYDROCHLORIDE,ChEMBL,-0.000502,,0.7451,False,1
SLC6A4,FLUOXETINE,NCI,-0.000502,,0.7451,False,1
SLC6A4,HORMONES,NCI,-0.000502,,0.7451,False,1
SLC6A4,DESVENLAFAXINE,ChEMBL,-0.000502,,0.7451,False,1
SLC6A4,SERTRALINE HYDROCHLORIDE,ChEMBL,-0.000502,,0.7451,False,1
SLC6A4,VILAZODONE HYDROCHLORIDE,ChEMBL,-0.000502,,0.7451,False,1
SLC6A4,methadone,PharmGKB,-0.000502,,0.7451,False,1
SLC6A4,clomipramine,PharmGKB,-0.000502,,0.7451,False,1
SLC6A4,doxepin,PharmGKB,-0.000502,,0.7451,False,1
SLC6A4,vilazodone,PharmGKB,-0.000502,,0.7451,False,1
SLC6A4,VORTIOXETINE HYDROBROMIDE,ChEMBL,-0.000502,,0.7451,False,1
SLC6A4,vortioxetine,PharmGKB,-0.000502,,0.7451,False,1
SLC6A4,TRAZODONE HYDROCHLORIDE,ChEMBL,-0.000502,,0.7451,False,1
SLC6A4,GSK163090,ChEMBL,-0.000502,,0.7451,False,1
SLC6A4,4-METHYLTHIOAMPHETAMINE,DTC,-0.000502,,0.7451,False,1
SLC6A4,MAO inhibitors,PharmGKB,-0.000502,,0.7451,False,1
SLC6A4,MILNACIPRAN HYDROCHLORIDE,ChEMBL,-0.000502,,0.7451,False,1
SLC6A4,IMIPRAMINE PAMOATE,ChEMBL,-0.000502,,0.7451,False,1
SLC6A4,AMITIFADINE,ChEMBL,-0.000502,,0.7451,False,1
SLC6A4,NOMIFENSINE MALEATE,ChEMBL,-0.000502,,0.7451,False,1
SLC6A4,PAROXETINE HYDROCHLORIDE HEMIHYDRATE,ChEMBL,-0.000502,,0.7451,False,1
SLC6A4,DOTHIEPIN,ChEMBL,-0.000502,,0.7451,False,1
SLC6A4,DESVENLAFAXINE SUCCINATE,ChEMBL,-0.000502,,0.7451,False,1
SLC6A4,CITALOPRAM HYDROBROMIDE,ChEMBL,-0.000502,,0.7451,False,1
SLC6A4,CENTANAFADINE,ChEMBL,-0.000502,,0.7451,False,1
SLC6A4,CHLORPHENTERMINE HYDROCHLORIDE,ChEMBL,-0.000502,,0.7451,False,1
SLC6A4,PROTRIPTYLINE HYDROCHLORIDE,ChEMBL,-0.000502,,0.7451,False,1
SLC6A4,SIBUTRAMINE HYDROCHLORIDE,ChEMBL,-0.000502,,0.7451,False,1
SLC6A4,DULOXETINE HYDROCHLORIDE,ChEMBL,-0.000502,,0.7451,False,1
SLC6A4,LUMATEPERONE,ChEMBL,-0.000502,,0.7451,False,1
SLC6A4,INDALPINE,ChEMBL,-0.000502,,0.7451,False,1
SLC6A4,NORTRIPTYLINE HYDROCHLORIDE,ChEMBL,-0.000502,,0.7451,False,1
SLC6A4,AMOXAPINE,ChEMBL,-0.000502,,0.7451,False,1
SLC6A4,ESCITALOPRAM OXALATE,ChEMBL,-0.000502,,0.7451,False,1
SLC6A4,MAZINDOL,ChEMBL,-0.000502,,0.7451,False,1
SLC6A4,DASOTRALINE,ChEMBL,-0.000502,,0.7451,False,1
