gene_symbol,perturbation_impact,drug_name,interaction_type
CADM2,0.009297431939561117,ethanol,unknown
APP,0.005373520645298077,LECANEMAB,unknown
APP,0.005373520645298077,CONGO RED,unknown
APP,0.005373520645298077,"REL-3,4-DICAFFEOYLQUINIC ACID",unknown
APP,0.005373520645298077,GENTIAN VIOLET,unknown
APP,0.005373520645298077,PROPOFOL,unknown
APP,0.005373520645298077,2-CHLORO-ADENOSINETRIPHOSPHATE,unknown
APP,0.005373520645298077,HYDROXYCHLOROQUINE,unknown
APP,0.005373520645298077,ADUCANUMAB,unknown
APP,0.005373520645298077,GSK933776,unknown
APP,0.005373520645298077,AMILOMOTIDE,unknown
APP,0.005373520645298077,TRAMIPROSATE,unknown
APP,0.005373520645298077,DONANEMAB,unknown
APP,0.005373520645298077,TAXANES,unknown
APP,0.005373520645298077,AMB,unknown
APP,0.005373520645298077,DAUNOMYCIN,unknown
APP,0.005373520645298077,VALILTRAMIPROSATE,unknown
APP,0.005373520645298077,FERULIC ACID,unknown
APP,0.005373520645298077,BAPINEUZUMAB,unknown
APP,0.005373520645298077,PONEZUMAB,unknown
APP,0.005373520645298077,CLIOQUINOL,unknown
APP,0.005373520645298077,PARAROSANILINE,unknown
APP,0.005373520645298077,CURCUMIN,unknown
APP,0.005373520645298077,2-(4-NITROPHENYL)BENZO[D]THIAZOLE,unknown
APP,0.005373520645298077,GANTENERUMAB,unknown
APP,0.005373520645298077,"REL-3,5-DICAFFEOYLQUINIC ACID",unknown
APP,0.005373520645298077,VANUTIDE CRIDIFICAR,unknown
APP,0.005373520645298077,CRENEZUMAB,unknown
APP,0.005373520645298077,RESVERATROL,unknown
APP,0.005373520645298077,SOLANEZUMAB,unknown
APP,0.005373520645298077,NSC-649410,unknown
APP,0.005373520645298077,BAF,unknown
FOXO3,0.0016806437906601288,SYRINGARESINOL,unknown
FOXO3,0.0016806437906601288,RESVERATROL,unknown
NLGN1,0.0013411037391487972,fluorouracil,unknown
MAPT,0.0007745411507697594,"2,3-DIHYDROXY-4-METHOXY-4'-ETHOXYBENZOPHENONE",unknown
MAPT,0.0007745411507697594,RESERPINE,unknown
MAPT,0.0007745411507697594,GNF-PF-1295,unknown
MAPT,0.0007745411507697594,SU-4312,unknown
MAPT,0.0007745411507697594,RHAMNETIN,unknown
MAPT,0.0007745411507697594,ISOBOLDINE,unknown
MAPT,0.0007745411507697594,DEHYDROVARIABILIN,unknown
MAPT,0.0007745411507697594,NSC-377852,unknown
MAPT,0.0007745411507697594,DIHYDROERGOTAMINE,unknown
MAPT,0.0007745411507697594,CATECHIN,unknown
MAPT,0.0007745411507697594,ITRAZOLE,unknown
MAPT,0.0007745411507697594,HAEMATOXYLIN,unknown
MAPT,0.0007745411507697594,SANGUINARINE SULFATE,unknown
MAPT,0.0007745411507697594,HELIOMYCIN,unknown
MAPT,0.0007745411507697594,EMBELIN,unknown
MAPT,0.0007745411507697594,ALLOXAN,unknown
MAPT,0.0007745411507697594,GNF-PF-5052,unknown
MAPT,0.0007745411507697594,(+)-THALIPORPHINE,unknown
MAPT,0.0007745411507697594,"1,4-DIMETHOXYANTHRAQUINONE",unknown
MAPT,0.0007745411507697594,GNF-PF-4283,unknown
MAPT,0.0007745411507697594,SJ000147784,unknown
MAPT,0.0007745411507697594,CID 4101591,unknown
MAPT,0.0007745411507697594,(-)-ESEROLINE,unknown
MAPT,0.0007745411507697594,HELENALIN,unknown
MAPT,0.0007745411507697594,BISANHYDRORUTILANTINONE,unknown
MAPT,0.0007745411507697594,GNF-PF-1134,unknown
MAPT,0.0007745411507697594,CHLORANIL,unknown
MAPT,0.0007745411507697594,ROSMARINIC ACID,unknown
MAPT,0.0007745411507697594,NSC-60340,unknown
MAPT,0.0007745411507697594,MMV007396,unknown
MAPT,0.0007745411507697594,CYSTAMINE HYDROCHLORIDE,unknown
MAPT,0.0007745411507697594,GNF-PF-321,unknown
MAPT,0.0007745411507697594,TCMDC-125286,unknown
MAPT,0.0007745411507697594,ARISTOLOCHIC ACID,unknown
MAPT,0.0007745411507697594,APIGENIN,unknown
MAPT,0.0007745411507697594,"2,3,4-TRIHYDROXY-4'-ETHOXYBENZOPHENONE",unknown
MAPT,0.0007745411507697594,KOPARIN,unknown
MAPT,0.0007745411507697594,U-0126,unknown
MAPT,0.0007745411507697594,CEAROIN,unknown
MAPT,0.0007745411507697594,POSDINEMAB,unknown
MAPT,0.0007745411507697594,TYRPHOSTIN 51,unknown
MAPT,0.0007745411507697594,BAICALEIN,unknown
MAPT,0.0007745411507697594,HEXACHLOROPHENE,unknown
MAPT,0.0007745411507697594,GNF-PF-1852,unknown
MAPT,0.0007745411507697594,ACID BLUE 129,unknown
MAPT,0.0007745411507697594,GENTIAN VIOLET,unknown
MAPT,0.0007745411507697594,ERGOCRISTINE,unknown
MAPT,0.0007745411507697594,PROTOAPIGENONE,unknown
MAPT,0.0007745411507697594,NIFUROXAZIDE,unknown
MAPT,0.0007745411507697594,SEMORINEMAB,unknown
MAPT,0.0007745411507697594,TILAVONEMAB,unknown
MAPT,0.0007745411507697594,DOCEBENONE,unknown
MAPT,0.0007745411507697594,DNDI1417941,unknown
MAPT,0.0007745411507697594,GNF-PF-2357,unknown
MAPT,0.0007745411507697594,"2,6-DIMETHOXYQUINONE",unknown
MAPT,0.0007745411507697594,DANTROLENE SODIUM,unknown
MAPT,0.0007745411507697594,PTEROSTILBENE,unknown
MAPT,0.0007745411507697594,ROTTLERIN,unknown
MAPT,0.0007745411507697594,12A-HYDROXY-5-DEOXYDEHYDROMUNDUSERONE,unknown
MAPT,0.0007745411507697594,SULFURETIN,unknown
MAPT,0.0007745411507697594,MORIN,unknown
MAPT,0.0007745411507697594,INDIRUBIN-3-MONOXIME,unknown
MAPT,0.0007745411507697594,TYRPHOSTIN 1,unknown
MAPT,0.0007745411507697594,METHYL 7-DESHYDROXYPYROGALLIN-4-CARBOXYLATE,unknown
MAPT,0.0007745411507697594,DIHYDROERGOCRISTINE,unknown
MAPT,0.0007745411507697594,ANGUSTIBALIN,unknown
MAPT,0.0007745411507697594,GNF-PF-3716,unknown
MAPT,0.0007745411507697594,FELODIPINE,unknown
MAPT,0.0007745411507697594,OXYPHENBUTAZONE,unknown
MAPT,0.0007745411507697594,TANSHINONE IIA,unknown
MAPT,0.0007745411507697594,CYSTAMINE DIHYDROCHLORIDE,unknown
MAPT,0.0007745411507697594,CRYPTOTANSHINONE,unknown
MAPT,0.0007745411507697594,CHELERYTHRINE CHLORIDE,unknown
MAPT,0.0007745411507697594,BISSALICYL FUMARATE,unknown
MAPT,0.0007745411507697594,GNF-PF-2755,unknown
MAPT,0.0007745411507697594,AG-1288,unknown
MAPT,0.0007745411507697594,MYRICETIN,unknown
MAPT,0.0007745411507697594,GW441756X,unknown
MAPT,0.0007745411507697594,CY-208243,unknown
MAPT,0.0007745411507697594,DEXKETOPROFEN,unknown
MAPT,0.0007745411507697594,IRIGINOL HEXAACEATATE,unknown
MAPT,0.0007745411507697594,GOSURANEMAB,unknown
MAPT,0.0007745411507697594,GALLIC ACID,unknown
MAPT,0.0007745411507697594,DIMETHYL 2-(2-NITROBENZYLIDENE)MALONATE,unknown
MAPT,0.0007745411507697594,GNF-PF-2414,unknown
MAPT,0.0007745411507697594,LAVENDUSTIN A,unknown
MAPT,0.0007745411507697594,DNDI1416917,unknown
MAPT,0.0007745411507697594,NSC-66209,unknown
MAPT,0.0007745411507697594,NIGULDIPINE,unknown
MAPT,0.0007745411507697594,TYRPHOSTIN A9,unknown
MAPT,0.0007745411507697594,NSC-95397,unknown
MAPT,0.0007745411507697594,CIS-RESVERATROL,unknown
MAPT,0.0007745411507697594,EMODIC ACID,unknown
MAPT,0.0007745411507697594,CYSTEINE METHYL-ESTER HCL,unknown
MAPT,0.0007745411507697594,TETROQUINONE,unknown
MAPT,0.0007745411507697594,GNF-PF-521,unknown
MAPT,0.0007745411507697594,TCMDC-125575,unknown
MAPT,0.0007745411507697594,TCMDC-123904,unknown
MAPT,0.0007745411507697594,NICLOSAMIDE,unknown
MAPT,0.0007745411507697594,APOMORPHINE,unknown
MAPT,0.0007745411507697594,MESNA,unknown
MAPT,0.0007745411507697594,MANGOSTIN,unknown
MAPT,0.0007745411507697594,AMENTOFLAVONE,unknown
MAPT,0.0007745411507697594,TOLONIUM CHLORIDE,unknown
MAPT,0.0007745411507697594,GRINIMIBINE,unknown
MAPT,0.0007745411507697594,STICTIC ACID,unknown
MAPT,0.0007745411507697594,GW7074,unknown
MAPT,0.0007745411507697594,FENRETINIDE,unknown
MAPT,0.0007745411507697594,OXITRIPTAN,unknown
MAPT,0.0007745411507697594,GNF-PF-4659,unknown
MAPT,0.0007745411507697594,DNDI1417614,unknown
MAPT,0.0007745411507697594,TYRPHOSTIN 23,unknown
MAPT,0.0007745411507697594,PHOSMET,unknown
MAPT,0.0007745411507697594,ALTENUSIN,unknown
MAPT,0.0007745411507697594,BITHIONOL,unknown
MAPT,0.0007745411507697594,GOSSYPETIN,unknown
MAPT,0.0007745411507697594,ATHRAQUINONES A,unknown
MAPT,0.0007745411507697594,TCMDC-125784,unknown
MAPT,0.0007745411507697594,SDZ-201106,unknown
MAPT,0.0007745411507697594,MMV006319,unknown
MAPT,0.0007745411507697594,"PHENAZINE-2,3-DIAMINE",unknown
MAPT,0.0007745411507697594,DNDI1318925,unknown
MAPT,0.0007745411507697594,GNF-PF-130,unknown
MAPT,0.0007745411507697594,AG-537,unknown
MAPT,0.0007745411507697594,CHLOROTHALONIL,unknown
MAPT,0.0007745411507697594,SLAZINIC ACID,unknown
MAPT,0.0007745411507697594,ERBSTATIN,unknown
MAPT,0.0007745411507697594,BERBERINE CHLORIDE,unknown
MAPT,0.0007745411507697594,NSC-663284,unknown
MAPT,0.0007745411507697594,NBQX,unknown
MAPT,0.0007745411507697594,SHIKONIN,unknown
MAPT,0.0007745411507697594,DIHYDROXANTHOHUMOL,unknown
MAPT,0.0007745411507697594,SJ000147993,unknown
MAPT,0.0007745411507697594,PROPYLENE GLYCOL MONOSTEARATE,unknown
MAPT,0.0007745411507697594,P-PHENYLENEDIAMINE,unknown
MAPT,0.0007745411507697594,DEPHOSTATIN,unknown
MAPT,0.0007745411507697594,PHENAZOPYRIDINE HYDROCHLORIDE,unknown
MAPT,0.0007745411507697594,"DALBERGIONE, 4-METHOXY-4'-HYDROXY-",unknown
MAPT,0.0007745411507697594,GNF-PF-3996,unknown
MAPT,0.0007745411507697594,DNDI1417722,unknown
MAPT,0.0007745411507697594,OSAJIN,unknown
MAPT,0.0007745411507697594,HOMIDIUM BROMIDE,unknown
MAPT,0.0007745411507697594,TCMDC-124032,unknown
MAPT,0.0007745411507697594,CISPLATIN,unknown
MAPT,0.0007745411507697594,NSC-367089,unknown
MAPT,0.0007745411507697594,TCMDC-125580,unknown
MAPT,0.0007745411507697594,DOXORUBICIN HYDROCHLORIDE,unknown
MAPT,0.0007745411507697594,TRANSPLATIN,unknown
MAPT,0.0007745411507697594,RABEPRAZOLE,unknown
MAPT,0.0007745411507697594,A-23187,unknown
MAPT,0.0007745411507697594,NORDEFRIN,unknown
MAPT,0.0007745411507697594,QUINALIZARIN,unknown
MAPT,0.0007745411507697594,CARBONYL CYANIDE M-CHLOROPHENYLHYDRAZONE,unknown
MAPT,0.0007745411507697594,GNF-PF-5007,unknown
MAPT,0.0007745411507697594,DAUNORUBICIN HYDROCHLORIDE,unknown
MAPT,0.0007745411507697594,NSC-9037,unknown
MAPT,0.0007745411507697594,RHEIN,unknown
MAPT,0.0007745411507697594,TDR77593,unknown
MAPT,0.0007745411507697594,IRIGENOL,unknown
MAPT,0.0007745411507697594,NSC-228155,unknown
MAPT,0.0007745411507697594,GUTHION,unknown
MAPT,0.0007745411507697594,SB-408124,unknown
MAPT,0.0007745411507697594,2-BENZOYL-5-METHOXYBENZOQUINONE,unknown
MAPT,0.0007745411507697594,SJ000014858,unknown
MAPT,0.0007745411507697594,NSC-50654,unknown
MAPT,0.0007745411507697594,NIFEDIPINE,unknown
MAPT,0.0007745411507697594,GNF-PF-67,unknown
MAPT,0.0007745411507697594,SJ000044511,unknown
MAPT,0.0007745411507697594,NOREPINEPHRINE,unknown
MAPT,0.0007745411507697594,SARCOLYSIN,unknown
MAPT,0.0007745411507697594,PARAROSANILINE,unknown
MAPT,0.0007745411507697594,"2,5-BIS(4-MORPHOLINOSTYRYL)PYRAZINE",unknown
MAPT,0.0007745411507697594,NSC-69187,unknown
MAPT,0.0007745411507697594,SR-2640,unknown
MAPT,0.0007745411507697594,"3,4-DIDESMETHYL-5-DESHYDROXY-3'-ETHOXYSCLEROIN",unknown
MAPT,0.0007745411507697594,LUTEOLIN,unknown
MAPT,0.0007745411507697594,AG-370,unknown
MAPT,0.0007745411507697594,BAS 01152706,unknown
MAPT,0.0007745411507697594,"7,8,2'-TRIHYDROXYFLAVONE",unknown
MAPT,0.0007745411507697594,NSC-601359,unknown
MAPT,0.0007745411507697594,BROMOENOL LACTONE,unknown
MAPT,0.0007745411507697594,CARBOPLATIN,unknown
MAPT,0.0007745411507697594,EPIGALOCATECHIN GALLATE,unknown
MAPT,0.0007745411507697594,SJ000113972,unknown
MAPT,0.0007745411507697594,WORTMANNIN,unknown
MAPT,0.0007745411507697594,DITHIAZANINE IODIDE,unknown
MAPT,0.0007745411507697594,ELLIPTECINE,unknown
MAPT,0.0007745411507697594,GNF-PF-2968,unknown
MAPT,0.0007745411507697594,GNF-PF-1644,unknown
MAPT,0.0007745411507697594,PURPUROGALLIN,unknown
MAPT,0.0007745411507697594,SB-415286,unknown
MAPT,0.0007745411507697594,"3,3',4'-TRIHYDROXYFLAVONE",unknown
MAPT,0.0007745411507697594,NSC-402083,unknown
MAPT,0.0007745411507697594,GNF-PF-5061,unknown
MAPT,0.0007745411507697594,D-DOPA,unknown
MAPT,0.0007745411507697594,DNDI1417063,unknown
MAPT,0.0007745411507697594,CURCUMIN,unknown
MAPT,0.0007745411507697594,SJ000294102,unknown
MAPT,0.0007745411507697594,5-BENZYLOXYTRYPTAMINE,unknown
MAPT,0.0007745411507697594,GNF-PF-1919,unknown
MAPT,0.0007745411507697594,NSC-632536,unknown
MAPT,0.0007745411507697594,LY-367265,unknown
MAPT,0.0007745411507697594,GNF-PF-1549,unknown
MAPT,0.0007745411507697594,GNF-PF-5510,unknown
MAPT,0.0007745411507697594,R-N-PROPYLNORAPOMORPHINE,unknown
MAPT,0.0007745411507697594,CAPSAZEPINE,unknown
MAPT,0.0007745411507697594,GOSSYPOL,unknown
MAPT,0.0007745411507697594,GNF-PF-4227,unknown
MAPT,0.0007745411507697594,CARBONYL CYANIDE P-TRIFLUOROMETHOXYPHENYL HYDRAZONE,unknown
MAPT,0.0007745411507697594,BENSERAZIDE HYDROCHLORIDE,unknown
MAPT,0.0007745411507697594,HYPERICIN,unknown
MAPT,0.0007745411507697594,COUMESTROL,unknown
MAPT,0.0007745411507697594,NSC-102742,unknown
MAPT,0.0007745411507697594,INDIGOTINDISULFONATE,unknown
MAPT,0.0007745411507697594,XANTHOANGELOL,unknown
MAPT,0.0007745411507697594,DNDI1417519,unknown
MAPT,0.0007745411507697594,MMV006389,unknown
MAPT,0.0007745411507697594,GNF-2,unknown
MAPT,0.0007745411507697594,4-HYDROXYDERRICIN,unknown
MAPT,0.0007745411507697594,O-DEMETHYLATED ADAPALENE,unknown
MAPT,0.0007745411507697594,TCMDC-124518,unknown
MAPT,0.0007745411507697594,DNDI1417111,unknown
MAPT,0.0007745411507697594,NSC-111847,unknown
MAPT,0.0007745411507697594,BILIRUBIN,unknown
MAPT,0.0007745411507697594,PYRANTEL PAMOATE,unknown
MAPT,0.0007745411507697594,GNF-PF-3582,unknown
MAPT,0.0007745411507697594,ACITRETIN,unknown
MAPT,0.0007745411507697594,OMEPRAZOLE,unknown
MAPT,0.0007745411507697594,DNDI1417086,unknown
MAPT,0.0007745411507697594,EPINEPHRINE BITARTRATE,unknown
MAPT,0.0007745411507697594,CARNOSIC ACID,unknown
MAPT,0.0007745411507697594,(E)-DIBENZYLIDENEACETONE,unknown
MAPT,0.0007745411507697594,EPALRESTAT,unknown
MAPT,0.0007745411507697594,SULFASALAZINE,unknown
MAPT,0.0007745411507697594,TCMDC-124224,unknown
MAPT,0.0007745411507697594,CGP-53353,unknown
MAPT,0.0007745411507697594,SJ000079774,unknown
MAPT,0.0007745411507697594,LANSOPRAZOLE,unknown
MAPT,0.0007745411507697594,TRICLABENDAZOLE,unknown
MAPT,0.0007745411507697594,APOMORPHINE HYDROCHLORIDE HEMIHYDRATE,unknown
MAPT,0.0007745411507697594,GNF-PF-4300,unknown
MAPT,0.0007745411507697594,TYRPHOSTIN 47,unknown
MAPT,0.0007745411507697594,ZK-93423,unknown
MAPT,0.0007745411507697594,METHYLDOPA (RACEMIC),unknown
MAPT,0.0007745411507697594,MECYSTEINE HYDROCHLORIDE,unknown
MAPT,0.0007745411507697594,"2',3'-DIHYDROXYFLAVONE",unknown
MAPT,0.0007745411507697594,HOE-33342,unknown
MAPT,0.0007745411507697594,PH-011685,unknown
MAPT,0.0007745411507697594,GEFITINIB,unknown
MAPT,0.0007745411507697594,TCMDC-125602,unknown
MAPT,0.0007745411507697594,R(-)-PROPYLNORAPOMORPHINE HCL,unknown
MAPT,0.0007745411507697594,MMV085203,unknown
MAPT,0.0007745411507697594,DANTROLENE,unknown
MAPT,0.0007745411507697594,"2,5-BIS(4-METHOXYSTYRYL)PYRAZINE",unknown
MAPT,0.0007745411507697594,DIAMIDE,unknown
MAPT,0.0007745411507697594,QUERCETIN,unknown
MAPT,0.0007745411507697594,GNF-PF-3350,unknown
MAPT,0.0007745411507697594,FLUPIRTINE MALEATE,unknown
MAPT,0.0007745411507697594,DIHYDROGAMBOGIC ACID,unknown
MAPT,0.0007745411507697594,GNF-PF-4085,unknown
MAPT,0.0007745411507697594,GNF-PF-5134,unknown
MAPT,0.0007745411507697594,DNDI1417773,unknown
MAPT,0.0007745411507697594,AGROCLAVINE,unknown
MAPT,0.0007745411507697594,3-METHYLCHOLANTHRENE,unknown
MAPT,0.0007745411507697594,3-MORPHOLINOSYDNONIMINE HCL,unknown
MAPT,0.0007745411507697594,SJ000262801,unknown
MAPT,0.0007745411507697594,GNF-PF-5114,unknown
MAPT,0.0007745411507697594,GNF-PF-2776,unknown
MAPT,0.0007745411507697594,THIOLUTIN,unknown
MAPT,0.0007745411507697594,IDARUBICIN,unknown
MAPT,0.0007745411507697594,ETHOPROPAZINE HYDROCHLORIDE,unknown
MAPT,0.0007745411507697594,ZAGOTENEMAB,unknown
MAPT,0.0007745411507697594,BEPRANEMAB,unknown
MAPT,0.0007745411507697594,CHOLECALCIFEROL,unknown
MAPT,0.0007745411507697594,OXOPURPUREINE,unknown
MAPT,0.0007745411507697594,NITAZOXANIDE,unknown
MAPT,0.0007745411507697594,GNF-PF-840,unknown
MAPT,0.0007745411507697594,SJ000059275,unknown
MAPT,0.0007745411507697594,SJ000024939,unknown
MAPT,0.0007745411507697594,(S)APOMORPHINE,unknown
MAPT,0.0007745411507697594,AURINTRICARBOXYLIC ACID,unknown
MAPT,0.0007745411507697594,LAPACHOL,unknown
MAPT,0.0007745411507697594,"4,4'-DIMETHOXYDALBERGIONE",unknown
MAPT,0.0007745411507697594,RACEPINEPHRINE,unknown
MAPT,0.0007745411507697594,TCMDC-124022,unknown
MAPT,0.0007745411507697594,ERGOCRYPTINE,unknown
MAPT,0.0007745411507697594,HYDROXYZINE PAMOATE,unknown
MAPT,0.0007745411507697594,TCMDC-124055,unknown
MAPT,0.0007745411507697594,PROTOPORPHYRIN,unknown
MAPT,0.0007745411507697594,OBTUSAQUINONE,unknown
MAPT,0.0007745411507697594,"3,4-DIMETHOXYDALBERGIONE",unknown
MAPT,0.0007745411507697594,SEMAXANIB,unknown
MAPT,0.0007745411507697594,PICEATANNOL,unknown
MAPT,0.0007745411507697594,SB-200646,unknown
MAPT,0.0007745411507697594,DAUNORUBICIN,unknown
MAPT,0.0007745411507697594,DAMNACANTHAL,unknown
MAPT,0.0007745411507697594,FUMARPROTOCETRARIC ACID,unknown
MAPT,0.0007745411507697594,MAHANIMBINE,unknown
MAPT,0.0007745411507697594,SAPPANONE A DIMETHYL ETHER,unknown
MAPT,0.0007745411507697594,DNDI1417080,unknown
MAPT,0.0007745411507697594,PURPURIN,unknown
MAPT,0.0007745411507697594,5-NITRO-2-PHENYLPROPYLAMINOBENZOIC ACID [NPPB],unknown
MAPT,0.0007745411507697594,TCMDC-124422,unknown
MAPT,0.0007745411507697594,ETHACRIDINE LACTATE,unknown
MAPT,0.0007745411507697594,GETIACAULEIN,unknown
MAPT,0.0007745411507697594,IODOPHTHALEIN,unknown
MAPT,0.0007745411507697594,PHENSERINE,unknown
MAPT,0.0007745411507697594,PIPLARTINE,unknown
MAPT,0.0007745411507697594,FISETIN,unknown
MAPT,0.0007745411507697594,"2',3,4-TRIHYDROXYCHALCONE",unknown
MAPT,0.0007745411507697594,RO-318220,unknown
MAPT,0.0007745411507697594,4-({[2-(BENZYLOXY)PHENYL]METHYL}AMINO)PHENOL,unknown
MAPT,0.0007745411507697594,"1,2-DIPHENYLDISULFANE",unknown
MAPT,0.0007745411507697594,TYRPHOSTIN 25,unknown
MAPT,0.0007745411507697594,CARBIDOPA,unknown
MAPT,0.0007745411507697594,HARMALOL,unknown
MAPT,0.0007745411507697594,GNF-PF-3012,unknown
MAPT,0.0007745411507697594,NSC-98938,unknown
MAPT,0.0007745411507697594,NSC-92207,unknown
MAPT,0.0007745411507697594,LINOLENIC ACID,unknown
MAPT,0.0007745411507697594,BISINDOLYLMALEIMIDE IX,unknown
MAPT,0.0007745411507697594,GNF-PF-1399,unknown
MAPT,0.0007745411507697594,METHYSERGIDE MALEATE,unknown
MAPT,0.0007745411507697594,ELLAGIC ACID,unknown
MAPT,0.0007745411507697594,CCT018159,unknown
MAPT,0.0007745411507697594,"3,8'-BIAPIGENIN",unknown
MAPT,0.0007745411507697594,TRIBROMSALAN,unknown
MAPT,0.0007745411507697594,DNDI1417932,unknown
MAPT,0.0007745411507697594,EPINEPHRINE,unknown
MAPT,0.0007745411507697594,EMODIN,unknown
MAPT,0.0007745411507697594,POMIFERIN,unknown
MAPT,0.0007745411507697594,"9,10-PHENANTHRENEQUINONE",unknown
MAPT,0.0007745411507697594,QUINOLIN-6-YLAMINE,unknown
MAPT,0.0007745411507697594,PANTOPRAZOLE,unknown
MAPT,0.0007745411507697594,SAPPANONE A TRIMETHYL ETHER,unknown
MAPT,0.0007745411507697594,N-(4-NITROPHENYL)ANTHRANILIC ACID,unknown
MAPT,0.0007745411507697594,DNDI1417607,unknown
MAPT,0.0007745411507697594,GNF-PF-1947,unknown
MAPT,0.0007745411507697594,GNF-PF-1529,unknown
MAPT,0.0007745411507697594,PD-404182,unknown
MAPT,0.0007745411507697594,Z-PRO-PROLINAL,unknown
MAPT,0.0007745411507697594,AG-494,unknown
MAPT,0.0007745411507697594,HEMATOXYLIN,unknown
MAPT,0.0007745411507697594,DICHLOROPHEN,unknown
MAPT,0.0007745411507697594,AROMATICIN,unknown
MAPT,0.0007745411507697594,OXOGLAUCINE,unknown
MAPT,0.0007745411507697594,CEFACLOR,unknown
MAPT,0.0007745411507697594,NSC-107022,unknown
MAPT,0.0007745411507697594,BI-87E7,unknown
MAPT,0.0007745411507697594,BENZO[D]ISOTHIAZOL-3-ONE,unknown
MAPT,0.0007745411507697594,INDIRUBIN SULFATE,unknown
MAPT,0.0007745411507697594,PLUMBAGIN,unknown
MAPT,0.0007745411507697594,DIHYDROERGOCRISTINE MESYLATE,unknown
MAPT,0.0007745411507697594,GW282974X,unknown
MAPT,0.0007745411507697594,AG-808,unknown
MAPT,0.0007745411507697594,RALOXIFENE,unknown
MAPT,0.0007745411507697594,RALOXIFENE HYDROCHLORIDE,unknown
MAPT,0.0007745411507697594,ISOGINKGETIN,unknown
MAPT,0.0007745411507697594,ZAPA,unknown
MAPT,0.0007745411507697594,S(+)-ISOPROTERENOL-BITARTRATE,unknown
MAPT,0.0007745411507697594,AG-126,unknown
MAPT,0.0007745411507697594,CARMINOMYCIN,unknown
MAPT,0.0007745411507697594,HOMIDIUM,unknown
MAPT,0.0007745411507697594,MACLURAXANTHONE,unknown
MAPT,0.0007745411507697594,METHYLENE BLUE,unknown
MAPT,0.0007745411507697594,PD-98059,unknown
MAPT,0.0007745411507697594,PHENANTHROLINE,unknown
MAPT,0.0007745411507697594,BETA-LAPACHONE,unknown
MAPT,0.0007745411507697594,"2,5-BIS(4-ISOPROPYLSTYRYL)PYRAZINE",unknown
MAPT,0.0007745411507697594,SB-204741,unknown
MAPT,0.0007745411507697594,PHENOTHIAZINE,unknown
MAPT,0.0007745411507697594,STAUROSPORINE AGLYCON,unknown
MAPT,0.0007745411507697594,PD-169316,unknown
MAPT,0.0007745411507697594,ARACHIDONIC ACID,unknown
MAPT,0.0007745411507697594,DNDI1417025,unknown
MAPT,0.0007745411507697594,"5,6,7,8,4'-PENTAHYDROXYFLAVONE",unknown
MAPT,0.0007745411507697594,3-METHOXYCATECHOL,unknown
MAPT,0.0007745411507697594,ISOVELLERAL,unknown
MAPT,0.0007745411507697594,TANSHINONE I,unknown
MAPT,0.0007745411507697594,TCMDC-124544,unknown
MAPT,0.0007745411507697594,TRIMETREXATE,unknown
MAPT,0.0007745411507697594,OXIDOPAMINE HYDROCHLORIDE,unknown
MAPT,0.0007745411507697594,GARCINONE E,unknown
MAPT,0.0007745411507697594,DIHYDROERGOTAMINE MESYLATE,unknown
MAPT,0.0007745411507697594,ARUNDINE,unknown
MAPT,0.0007745411507697594,MENADIONE,unknown
MAPT,0.0007745411507697594,ISOEUGENITOL,unknown
MAPT,0.0007745411507697594,VU001171,unknown
MAPT,0.0007745411507697594,INAMRINONE,unknown
MAPT,0.0007745411507697594,GNF-PF-2298,unknown
MAPT,0.0007745411507697594,NSC-175743,unknown
MAPT,0.0007745411507697594,GNF-PF-3537,unknown
MAPT,0.0007745411507697594,LY-83583,unknown
MAPT,0.0007745411507697594,SANGUINARIUM CHLORIDE,unknown
MAPT,0.0007745411507697594,TCMDC-123723,unknown
MAPT,0.0007745411507697594,S-166659,unknown
MAPT,0.0007745411507697594,NORDIHYDROGUAIARETIC ACID,unknown
MAPT,0.0007745411507697594,AMINOHIPPURIC ACID,unknown
MAPT,0.0007745411507697594,METHYLTHIONINIUM CHLORIDE,unknown
MAPT,0.0007745411507697594,DERRUBONE,unknown
MAPT,0.0007745411507697594,TRICETIN,unknown
MAPT,0.0007745411507697594,DOCONEXENT,unknown
MAPT,0.0007745411507697594,CYSTEAMINE HYDROCHLORIDE,unknown
MAPT,0.0007745411507697594,4-HYDROXYESTRADIOL,unknown
MAPT,0.0007745411507697594,AM-404,unknown
MAPT,0.0007745411507697594,RESVERATROL,unknown
MAPT,0.0007745411507697594,L-755507,unknown
MAPT,0.0007745411507697594,CHELERYTHRINE,unknown
MAPT,0.0007745411507697594,OXYTETRACYCLINE,unknown
MAPT,0.0007745411507697594,"1,2-NAPHTHOQUINONE",unknown
MAPT,0.0007745411507697594,DAPH,unknown
MAPT,0.0007745411507697594,MITOXANTRONE DIHYDROCHLORIDE,unknown
MAPT,0.0007745411507697594,AMSACRINE HYDROCHLORIDE,unknown
MAPT,0.0007745411507697594,"4,6-BIS(4-MORPHOLINOSTYRYL)PYRIMIDINE",unknown
MAPT,0.0007745411507697594,HTS-05056,unknown
MAPT,0.0007745411507697594,GF-109203,unknown
MAPT,0.0007745411507697594,GNF-PF-3756,unknown
MAPT,0.0007745411507697594,"3,4-DICHLOROISOCOUMARIN",unknown
MAPT,0.0007745411507697594,ISOLIQUIRITIGENIN,unknown
MAPT,0.0007745411507697594,NSC-11437,unknown
MAPT,0.0007745411507697594,CONGO RED,unknown
MAPT,0.0007745411507697594,"3',4'-DIHYDROXYFLAVONE",unknown
MAPT,0.0007745411507697594,BITHIONOLATE SODIUM,unknown
MAPT,0.0007745411507697594,TCMDC-123869,unknown
MAPT,0.0007745411507697594,PITTSBURGH COMPOUND B,unknown
MAPT,0.0007745411507697594,2-AMINOPHENOXAZINONE,unknown
MAPT,0.0007745411507697594,STREPTONIGRIN,unknown
MAPT,0.0007745411507697594,PATULIN,unknown
MAPT,0.0007745411507697594,NORSTICTIC ACID,unknown
MAPT,0.0007745411507697594,CAFFEIC ACID PHENETHYL ESTER,unknown
MAPT,0.0007745411507697594,DIMETHYL GAMBOGATE,unknown
MAPT,0.0007745411507697594,ZK-164015,unknown
MAPT,0.0007745411507697594,KAEMPFEROL,unknown
MAPT,0.0007745411507697594,TCMDC-123916,unknown
MAPT,0.0007745411507697594,RATANIAPHENOL II,unknown
MAPT,0.0007745411507697594,SANGUINARIUM,unknown
MAPT,0.0007745411507697594,GNF-PF-186,unknown
MAPT,0.0007745411507697594,JUGLONE,unknown
MAPT,0.0007745411507697594,"PYRROLIDINE DITHIOCARBAMIC ACID, AMMONIUM SALT",unknown
MAPT,0.0007745411507697594,4-METHOXYDALBERGIONE,unknown
MAPT,0.0007745411507697594,GNF-PF-372,unknown
MAPT,0.0007745411507697594,OLEOYL DOPAMINE,unknown
CREB1,0.00035224686357217277,lithium,unknown
CREB1,0.00035224686357217277,NICOTINE,unknown
CREB1,0.00035224686357217277,ETHANOL,unknown
CREB1,0.00035224686357217277,citalopram,unknown
GRIN2A,0.0001708386585215065,ACAMPROSATE CALCIUM,unknown
GRIN2A,0.0001708386585215065,DEXTROMETHORPHAN HYDROBROMIDE,unknown
GRIN2A,0.0001708386585215065,AMANTADINE HYDROCHLORIDE,unknown
GRIN2A,0.0001708386585215065,FELBAMATE,unknown
GRIN2A,0.0001708386585215065,ESKETAMINE,unknown
GRIN2A,0.0001708386585215065,INDANTADOL,unknown
GRIN2A,0.0001708386585215065,PHILANTHOTOXIN 343,unknown
GRIN2A,0.0001708386585215065,GW468816,unknown
GRIN2A,0.0001708386585215065,RALFINAMIDE,unknown
GRIN2A,0.0001708386585215065,ORPHENADRINE CITRATE,unknown
GRIN2A,0.0001708386585215065,AZD8108,unknown
GRIN2A,0.0001708386585215065,MEMANTINE HYDROCHLORIDE,unknown
GRIN2A,0.0001708386585215065,LANICEMINE,unknown
GRIN2A,0.0001708386585215065,DEXTROMETHORPHAN POLISTIREX,unknown
GRIN2A,0.0001708386585215065,DIZOCILPINE,unknown
GRIN2A,0.0001708386585215065,MEMANTINE,unknown
GRIN2A,0.0001708386585215065,PERZINFOTEL,unknown
GRIN2A,0.0001708386585215065,KETAMINE HYDROCHLORIDE,unknown
GRIN2A,0.0001708386585215065,DELUCEMINE,unknown
GRIN2A,0.0001708386585215065,NERAMEXANE MESYLATE,unknown
GRIN2A,0.0001708386585215065,KETAMINE,unknown
GRIN2A,0.0001708386585215065,NEBOGLAMINE,unknown
GRIN2A,0.0001708386585215065,APIMOSTINEL,unknown
GRIN2A,0.0001708386585215065,ESKETAMINE HYDROCHLORIDE,unknown
GRIN2A,0.0001708386585215065,CNS-5161,unknown
GRIN2A,0.0001708386585215065,ORPHENADRINE HYDROCHLORIDE,unknown
GRIN2A,0.0001708386585215065,RAPASTINEL,unknown
GRIN2A,0.0001708386585215065,AV-101,unknown
GRIN2A,0.0001708386585215065,haloperidol,unknown
COMT,8.452146875471408e-05,benztropine,unknown
COMT,8.452146875471408e-05,amitriptyline,unknown
COMT,8.452146875471408e-05,norepinephrine,unknown
COMT,8.452146875471408e-05,fluvoxamine,unknown
COMT,8.452146875471408e-05,Selective serotonin reuptake inhibitors,unknown
COMT,8.452146875471408e-05,ibuprofen,unknown
COMT,8.452146875471408e-05,Methyldopa,unknown
COMT,8.452146875471408e-05,gabapentin,unknown
COMT,8.452146875471408e-05,hydrocodone,unknown
COMT,8.452146875471408e-05,levomethadone,unknown
COMT,8.452146875471408e-05,sertraline,unknown
COMT,8.452146875471408e-05,OPICAPONE,unknown
COMT,8.452146875471408e-05,tolcapone,unknown
COMT,8.452146875471408e-05,paroxetine,unknown
COMT,8.452146875471408e-05,nortriptyline,unknown
COMT,8.452146875471408e-05,mercaptopurine,unknown
COMT,8.452146875471408e-05,"Antiinflammatory agents, non-steroids",unknown
COMT,8.452146875471408e-05,naltrexone,unknown
COMT,8.452146875471408e-05,ENTACAPONE,unknown
COMT,8.452146875471408e-05,Analgesics,unknown
COMT,8.452146875471408e-05,acetaminophen,unknown
COMT,8.452146875471408e-05,bupropion,unknown
COMT,8.452146875471408e-05,TOLCAPONE,unknown
COMT,8.452146875471408e-05,NEBICAPONE,unknown
COMT,8.452146875471408e-05,heroin,unknown
COMT,8.452146875471408e-05,trimipramine,unknown
COMT,8.452146875471408e-05,oxymorphone,unknown
COMT,8.452146875471408e-05,alfentanil,unknown
COMT,8.452146875471408e-05,catecholamines,unknown
COMT,8.452146875471408e-05,Drugs used in nicotine dependence,unknown
COMT,8.452146875471408e-05,glucose,unknown
COMT,8.452146875471408e-05,doxepin,unknown
COMT,8.452146875471408e-05,naloxone,unknown
COMT,8.452146875471408e-05,rasagiline,unknown
COMT,8.452146875471408e-05,MAO inhibitors,unknown
COMT,8.452146875471408e-05,remifentanil,unknown
COMT,8.452146875471408e-05,valproic acid,unknown
COMT,8.452146875471408e-05,sumatriptan,unknown
COMT,8.452146875471408e-05,entacapone,unknown
COMT,8.452146875471408e-05,trihexyphenidyl,unknown
COMT,8.452146875471408e-05,Ergot alkaloids,unknown
COMT,8.452146875471408e-05,etoposide catechol,unknown
COMT,8.452146875471408e-05,codeine,unknown
COMT,8.452146875471408e-05,desipramine,unknown
COMT,8.452146875471408e-05,haloperidol,unknown
COMT,8.452146875471408e-05,quetiapine,unknown
COMT,8.452146875471408e-05,clomipramine,unknown
COMT,8.452146875471408e-05,propranolol,unknown
BDNF,2.7510617902967846e-05,GEMFIBROZIL,unknown
BDNF,2.7510617902967846e-05,PILOCARPINE,unknown
BDNF,2.7510617902967846e-05,ICI 182780,unknown
BDNF,2.7510617902967846e-05,TUMOR NECROSIS FACTOR,unknown
BDNF,2.7510617902967846e-05,Selective serotonin reuptake inhibitors,unknown
BDNF,2.7510617902967846e-05,ANTIBIOTICS,unknown
BDNF,2.7510617902967846e-05,ANESTHETICS,unknown
BDNF,2.7510617902967846e-05,NYSTATIN,unknown
BDNF,2.7510617902967846e-05,INOSITOL,unknown
BDNF,2.7510617902967846e-05,L-DOPA,unknown
BDNF,2.7510617902967846e-05,VINCRISTINE,unknown
BDNF,2.7510617902967846e-05,nortriptyline,unknown
BDNF,2.7510617902967846e-05,clomipramine,unknown
BDNF,2.7510617902967846e-05,desipramine,unknown
BDNF,2.7510617902967846e-05,ANTIDEPRESSANT,unknown
BDNF,2.7510617902967846e-05,methylphenidate,unknown
BDNF,2.7510617902967846e-05,METHYLPREDNISOLONE,unknown
BDNF,2.7510617902967846e-05,5-FU,unknown
BDNF,2.7510617902967846e-05,PACLITAXEL,unknown
BDNF,2.7510617902967846e-05,PROPRANOLOL,unknown
BDNF,2.7510617902967846e-05,TETRAHYDROCANNABINOL,unknown
BDNF,2.7510617902967846e-05,TRICHOSTATIN A,unknown
BDNF,2.7510617902967846e-05,ACTH,unknown
BDNF,2.7510617902967846e-05,BACLOFEN,unknown
BDNF,2.7510617902967846e-05,amitriptyline,unknown
BDNF,2.7510617902967846e-05,IONOMYCIN,unknown
BDNF,2.7510617902967846e-05,DIURETIC,unknown
BDNF,2.7510617902967846e-05,CYCLOOXYGENASE INHIBITOR,unknown
BDNF,2.7510617902967846e-05,ARSENIC TRIOXIDE,unknown
BDNF,2.7510617902967846e-05,COMPLETE FREUND&APOS;S ADJUVANT,unknown
BDNF,2.7510617902967846e-05,NICOTINE,unknown
BDNF,2.7510617902967846e-05,THYROGLOBULIN,unknown
BDNF,2.7510617902967846e-05,MEDICATION,unknown
BDNF,2.7510617902967846e-05,TRIIODOTHYRONINE,unknown
BDNF,2.7510617902967846e-05,metformin,unknown
BDNF,2.7510617902967846e-05,DOXORUBICIN,unknown
BDNF,2.7510617902967846e-05,ALPHA-METHYL-P-TYROSINE,unknown
BDNF,2.7510617902967846e-05,GLUCAGON,unknown
BDNF,2.7510617902967846e-05,ERYTHROPOIETIN,unknown
BDNF,2.7510617902967846e-05,H2O2,unknown
BDNF,2.7510617902967846e-05,HORMONES,unknown
BDNF,2.7510617902967846e-05,"Antiinflammatory agents, non-steroids",unknown
BDNF,2.7510617902967846e-05,TPA,unknown
BDNF,2.7510617902967846e-05,DONEPEZIL,unknown
BDNF,2.7510617902967846e-05,GP-120,unknown
BDNF,2.7510617902967846e-05,CURCUMIN,unknown
BDNF,2.7510617902967846e-05,ACTINOMYCIN D,unknown
BDNF,2.7510617902967846e-05,DDTC,unknown
BDNF,2.7510617902967846e-05,TRANSFORMING GROWTH FACTOR,unknown
BDNF,2.7510617902967846e-05,VASOPRESSIN,unknown
BDNF,2.7510617902967846e-05,IMIPRAMINE,unknown
BDNF,2.7510617902967846e-05,CAPSAICIN,unknown
BDNF,2.7510617902967846e-05,GONADOTROPINS,unknown
BDNF,2.7510617902967846e-05,OPIATE,unknown
BDNF,2.7510617902967846e-05,K-252A,unknown
BDNF,2.7510617902967846e-05,SALINE,unknown
BDNF,2.7510617902967846e-05,NALOXONE,unknown
BDNF,2.7510617902967846e-05,INTERLEUKIN-1 RECEPTOR ANTAGONIST,unknown
BDNF,2.7510617902967846e-05,TROGLITAZONE,unknown
BDNF,2.7510617902967846e-05,VERTEPORFIN,unknown
BDNF,2.7510617902967846e-05,Analgesics,unknown
BDNF,2.7510617902967846e-05,trimipramine,unknown
BDNF,2.7510617902967846e-05,CETUXIMAB,unknown
BDNF,2.7510617902967846e-05,LITHIUM,unknown
BDNF,2.7510617902967846e-05,RNA POLYMERASE INHIBITOR,unknown
BDNF,2.7510617902967846e-05,PROPYLTHIOURACIL,unknown
BDNF,2.7510617902967846e-05,MAO INHIBITORS,unknown
BDNF,2.7510617902967846e-05,IL-12,unknown
BDNF,2.7510617902967846e-05,COLCHICINE,unknown
BDNF,2.7510617902967846e-05,NG-MONOMETHYL-L-ARGININE,unknown
BDNF,2.7510617902967846e-05,CAMPTOTHECIN,unknown
BDNF,2.7510617902967846e-05,FLURBIPROFEN,unknown
BDNF,2.7510617902967846e-05,MIFEPRISTONE,unknown
BDNF,2.7510617902967846e-05,INDOMETHACIN,unknown
BDNF,2.7510617902967846e-05,MARIJUANA,unknown
BDNF,2.7510617902967846e-05,opioids,unknown
BDNF,2.7510617902967846e-05,doxepin,unknown
BDNF,2.7510617902967846e-05,BORTEZOMIB,unknown
BDNF,2.7510617902967846e-05,ANTIOXIDANT,unknown
BDNF,2.7510617902967846e-05,12-O-TETRADECANOYLPHORBOL-13-ACETATE,unknown
BDNF,2.7510617902967846e-05,NICARDIPINE,unknown
BDNF,2.7510617902967846e-05,TOPOTECAN,unknown
BDNF,2.7510617902967846e-05,CD271,unknown
BDNF,2.7510617902967846e-05,GENTAMICIN,unknown
BDNF,2.7510617902967846e-05,CYTOKINES,unknown
BDNF,2.7510617902967846e-05,PROTEIN KINASE INHIBITOR,unknown
BDNF,2.7510617902967846e-05,POLYSIALIC ACID,unknown
BDNF,2.7510617902967846e-05,HYPERBARIC OXYGEN,unknown
BDNF,2.7510617902967846e-05,sumatriptan,unknown
BDNF,2.7510617902967846e-05,MAO inhibitors,unknown
BDNF,2.7510617902967846e-05,6-HYDROXYDOPAMINE,unknown
BDNF,2.7510617902967846e-05,CHLORPROMAZINE,unknown
BDNF,2.7510617902967846e-05,olanzapine,unknown
BDNF,2.7510617902967846e-05,DDI,unknown
BDNF,2.7510617902967846e-05,NORMAL SALINE,unknown
BDNF,2.7510617902967846e-05,SIMVASTATIN,unknown
BDNF,2.7510617902967846e-05,LIDOCAINE,unknown
BDNF,2.7510617902967846e-05,PROTEIN KINASE C INHIBITOR,unknown
BDNF,2.7510617902967846e-05,ESTRADIOL BENZOATE,unknown
BDNF,2.7510617902967846e-05,HALOPERIDOL,unknown
BDNF,2.7510617902967846e-05,INSULIN,unknown
BDNF,2.7510617902967846e-05,ZINC SULFATE,unknown
BDNF,2.7510617902967846e-05,TYROSINE HYDROXYLASE INHIBITOR,unknown
BDNF,2.7510617902967846e-05,VENLAFAXINE,unknown
BDNF,2.7510617902967846e-05,DES,unknown
BDNF,2.7510617902967846e-05,METHADONE,unknown
BDNF,2.7510617902967846e-05,TRAMADOL,unknown
BDNF,2.7510617902967846e-05,TCDD,unknown
BDNF,2.7510617902967846e-05,Ergot alkaloids,unknown
CAMK2A,1.9006437628431365e-05,AZD-1080,unknown
CAMK2A,1.9006437628431365e-05,TCMDC-125758,unknown
CAMK2A,1.9006437628431365e-05,SOTRASTAURIN,unknown
CAMK2A,1.9006437628431365e-05,CURCUMIN,unknown
CAMK2A,1.9006437628431365e-05,TAE-684,unknown
CAMK2A,1.9006437628431365e-05,CYC-116,unknown
CAMK2A,1.9006437628431365e-05,CENISERTIB,unknown
HOMER1,1.8684211773299708e-05,haloperidol,unknown
NRXN1,9.624510004338347e-06,duloxetine,unknown
NRXN1,9.624510004338347e-06,antipsychotics,unknown
NRXN1,9.624510004338347e-06,nicotine,unknown
SLC6A4,6.660535925963333e-06,TESOFENSINE,unknown
SLC6A4,6.660535925963333e-06,Selective serotonin reuptake inhibitors,unknown
SLC6A4,6.660535925963333e-06,ondansetron,unknown
SLC6A4,6.660535925963333e-06,LEVOMILNACIPRAN HYDROCHLORIDE,unknown
SLC6A4,6.660535925963333e-06,DESVENLAFAXINE FUMARATE,unknown
SLC6A4,6.660535925963333e-06,evodiamine,unknown
SLC6A4,6.660535925963333e-06,berberine,unknown
SLC6A4,6.660535925963333e-06,AMITRIPTYLINE HYDROCHLORIDE,unknown
SLC6A4,6.660535925963333e-06,NEFAZODONE HYDROCHLORIDE,unknown
SLC6A4,6.660535925963333e-06,buprenorphine,unknown
SLC6A4,6.660535925963333e-06,VENLAFAXINE HYDROCHLORIDE,unknown
SLC6A4,6.660535925963333e-06,clozapine,unknown
SLC6A4,6.660535925963333e-06,ribavirin,unknown
SLC6A4,6.660535925963333e-06,CLOMIPRAMINE HYDROCHLORIDE,unknown
SLC6A4,6.660535925963333e-06,FAXELADOL,unknown
SLC6A4,6.660535925963333e-06,FLUVOXAMINE MALEATE,unknown
SLC6A4,6.660535925963333e-06,METHAMPHETAMINE HYDROCHLORIDE,unknown
SLC6A4,6.660535925963333e-06,desipramine,unknown
SLC6A4,6.660535925963333e-06,TEDATIOXETINE,unknown
SLC6A4,6.660535925963333e-06,levomilnacipran,unknown
SLC6A4,6.660535925963333e-06,BICIFADINE,unknown
SLC6A4,6.660535925963333e-06,disulfiram,unknown
SLC6A4,6.660535925963333e-06,NS-2359,unknown
SLC6A4,6.660535925963333e-06,trimipramine,unknown
SLC6A4,6.660535925963333e-06,DAPOXETINE,unknown
SLC6A4,6.660535925963333e-06,LIAFENSINE,unknown
SLC6A4,6.660535925963333e-06,FLUOXETINE HYDROCHLORIDE,unknown
SLC6A4,6.660535925963333e-06,IMIPRAMINE HYDROCHLORIDE,unknown
SLC6A4,6.660535925963333e-06,PAROXETINE MESYLATE,unknown
SLC6A4,6.660535925963333e-06,peginterferon alfa-2b,unknown
SLC6A4,6.660535925963333e-06,PAROXETINE HYDROCHLORIDE,unknown
SLC6A4,6.660535925963333e-06,FLUOXETINE,unknown
SLC6A4,6.660535925963333e-06,HORMONES,unknown
SLC6A4,6.660535925963333e-06,DESVENLAFAXINE,unknown
SLC6A4,6.660535925963333e-06,SERTRALINE HYDROCHLORIDE,unknown
SLC6A4,6.660535925963333e-06,VILAZODONE HYDROCHLORIDE,unknown
SLC6A4,6.660535925963333e-06,methadone,unknown
SLC6A4,6.660535925963333e-06,clomipramine,unknown
SLC6A4,6.660535925963333e-06,doxepin,unknown
SLC6A4,6.660535925963333e-06,vilazodone,unknown
SLC6A4,6.660535925963333e-06,VORTIOXETINE HYDROBROMIDE,unknown
SLC6A4,6.660535925963333e-06,vortioxetine,unknown
SLC6A4,6.660535925963333e-06,TRAZODONE HYDROCHLORIDE,unknown
SLC6A4,6.660535925963333e-06,GSK163090,unknown
SLC6A4,6.660535925963333e-06,4-METHYLTHIOAMPHETAMINE,unknown
SLC6A4,6.660535925963333e-06,MAO inhibitors,unknown
SLC6A4,6.660535925963333e-06,MILNACIPRAN HYDROCHLORIDE,unknown
SLC6A4,6.660535925963333e-06,IMIPRAMINE PAMOATE,unknown
SLC6A4,6.660535925963333e-06,AMITIFADINE,unknown
SLC6A4,6.660535925963333e-06,NOMIFENSINE MALEATE,unknown
SLC6A4,6.660535925963333e-06,PAROXETINE HYDROCHLORIDE HEMIHYDRATE,unknown
SLC6A4,6.660535925963333e-06,DOTHIEPIN,unknown
SLC6A4,6.660535925963333e-06,DESVENLAFAXINE SUCCINATE,unknown
SLC6A4,6.660535925963333e-06,CITALOPRAM HYDROBROMIDE,unknown
SLC6A4,6.660535925963333e-06,CENTANAFADINE,unknown
SLC6A4,6.660535925963333e-06,CHLORPHENTERMINE HYDROCHLORIDE,unknown
SLC6A4,6.660535925963333e-06,PROTRIPTYLINE HYDROCHLORIDE,unknown
SLC6A4,6.660535925963333e-06,SIBUTRAMINE HYDROCHLORIDE,unknown
SLC6A4,6.660535925963333e-06,DULOXETINE HYDROCHLORIDE,unknown
SLC6A4,6.660535925963333e-06,LUMATEPERONE,unknown
SLC6A4,6.660535925963333e-06,INDALPINE,unknown
SLC6A4,6.660535925963333e-06,NORTRIPTYLINE HYDROCHLORIDE,unknown
SLC6A4,6.660535925963333e-06,AMOXAPINE,unknown
SLC6A4,6.660535925963333e-06,ESCITALOPRAM OXALATE,unknown
SLC6A4,6.660535925963333e-06,MAZINDOL,unknown
SLC6A4,6.660535925963333e-06,DASOTRALINE,unknown
SCN1A,4.605434725916654e-06,BENOXINATE HYDROCHLORIDE,unknown
SCN1A,4.605434725916654e-06,PROCAINE HYDROCHLORIDE,unknown
SCN1A,4.605434725916654e-06,MEPHENYTOIN,unknown
SCN1A,4.605434725916654e-06,NERISPIRDINE,unknown
SCN1A,4.605434725916654e-06,ORPHENADRINE HYDROCHLORIDE,unknown
SCN1A,4.605434725916654e-06,LAMOTRIGINE,unknown
SCN1A,4.605434725916654e-06,CENOBAMATE,unknown
SCN1A,4.605434725916654e-06,RUFINAMIDE,unknown
SCN1A,4.605434725916654e-06,TOCAINIDE HYDROCHLORIDE,unknown
SCN1A,4.605434725916654e-06,QUINIDINE SULFATE,unknown
SCN1A,4.605434725916654e-06,DISOPYRAMIDE PHOSPHATE,unknown
SCN1A,4.605434725916654e-06,PROPARACAINE HYDROCHLORIDE,unknown
SCN1A,4.605434725916654e-06,CHLOROPROCAINE HYDROCHLORIDE,unknown
SCN1A,4.605434725916654e-06,ETIDOCAINE HYDROCHLORIDE,unknown
SCN1A,4.605434725916654e-06,lamotrigine,unknown
SCN1A,4.605434725916654e-06,EVENAMIDE,unknown
SCN1A,4.605434725916654e-06,ETHOTOIN,unknown
SCN1A,4.605434725916654e-06,MEPIVACAINE HYDROCHLORIDE,unknown
SCN1A,4.605434725916654e-06,PROPOXYCAINE HYDROCHLORIDE,unknown
SCN1A,4.605434725916654e-06,PROPAFENONE HYDROCHLORIDE,unknown
SCN1A,4.605434725916654e-06,INDECAINIDE HYDROCHLORIDE,unknown
SCN1A,4.605434725916654e-06,ZONISAMIDE,unknown
SCN1A,4.605434725916654e-06,ESLICARBAZEPINE ACETATE,unknown
SCN1A,4.605434725916654e-06,OXCARBAZEPINE,unknown
SCN1A,4.605434725916654e-06,RALFINAMIDE,unknown
SCN1A,4.605434725916654e-06,TETRACAINE,unknown
SCN1A,4.605434725916654e-06,ethosuximide,unknown
SCN1A,4.605434725916654e-06,fluorouracil,unknown
SCN1A,4.605434725916654e-06,DRONEDARONE HYDROCHLORIDE,unknown
SCN1A,4.605434725916654e-06,antiepileptics,unknown
SCN1A,4.605434725916654e-06,levetiracetam,unknown
SCN1A,4.605434725916654e-06,RILUZOLE,unknown
SCN1A,4.605434725916654e-06,PHENAZOPYRIDINE HYDROCHLORIDE,unknown
SCN1A,4.605434725916654e-06,LIDOCAINE,unknown
SCN1A,4.605434725916654e-06,PRIMIDONE,unknown
SCN1A,4.605434725916654e-06,TOPIRAMATE,unknown
SCN1A,4.605434725916654e-06,COCAINE HYDROCHLORIDE,unknown
SCN1A,4.605434725916654e-06,QUINIDINE GLUCONATE,unknown
SCN1A,4.605434725916654e-06,ESLICARBAZEPINE,unknown
SCN1A,4.605434725916654e-06,IRAMPANEL,unknown
SCN1A,4.605434725916654e-06,DYCLONINE HYDROCHLORIDE,unknown
SCN1A,4.605434725916654e-06,TETRACAINE HYDROCHLORIDE,unknown
SCN1A,4.605434725916654e-06,DICHLOROBENZYL ALCOHOL,unknown
SCN1A,4.605434725916654e-06,LIDOCAINE HYDROCHLORIDE,unknown
SCN1A,4.605434725916654e-06,PRILOCAINE,unknown
SCN1A,4.605434725916654e-06,MERETHOXYLLINE PROCAINE,unknown
SCN1A,4.605434725916654e-06,ORPHENADRINE CITRATE,unknown
SCN1A,4.605434725916654e-06,PROCAINAMIDE HYDROCHLORIDE,unknown
SCN1A,4.605434725916654e-06,ROPIVACAINE HYDROCHLORIDE,unknown
SCN1A,4.605434725916654e-06,QUINIDINE POLYGALACTURONATE,unknown
SCN1A,4.605434725916654e-06,PHENYTOIN SODIUM,unknown
SCN1A,4.605434725916654e-06,CARBAMAZEPINE,unknown
SCN1A,4.605434725916654e-06,clobazam,unknown
SCN1A,4.605434725916654e-06,PHENACEMIDE,unknown
SCN1A,4.605434725916654e-06,ENCAINIDE HYDROCHLORIDE,unknown
SCN1A,4.605434725916654e-06,ARTICAINE HYDROCHLORIDE,unknown
SCN1A,4.605434725916654e-06,NKTR-171,unknown
SCN1A,4.605434725916654e-06,ERLOSAMIDE,unknown
SCN1A,4.605434725916654e-06,MEXILETINE HYDROCHLORIDE,unknown
SCN1A,4.605434725916654e-06,FOSPHENYTOIN SODIUM,unknown
SCN1A,4.605434725916654e-06,PRILOCAINE HYDROCHLORIDE,unknown
SCN1A,4.605434725916654e-06,PHENYTOIN,unknown
SCN1A,4.605434725916654e-06,HEXYLCAINE HYDROCHLORIDE,unknown
SCN1A,4.605434725916654e-06,MORICIZINE HYDROCHLORIDE,unknown
GRIN2B,3.0303030303030305e-06,AMANTADINE HYDROCHLORIDE,unknown
GRIN2B,3.0303030303030305e-06,FELBAMATE,unknown
GRIN2B,3.0303030303030305e-06,methylphenidate,unknown
GRIN2B,3.0303030303030305e-06,clozapine,unknown
GRIN2B,3.0303030303030305e-06,TRAXOPRODIL,unknown
GRIN2B,3.0303030303030305e-06,risperidone,unknown
GRIN2B,3.0303030303030305e-06,GW468816,unknown
GRIN2B,3.0303030303030305e-06,EVT-101,unknown
GRIN2B,3.0303030303030305e-06,RADIPRODIL,unknown
GRIN2B,3.0303030303030305e-06,INDANTADOL,unknown
GRIN2B,3.0303030303030305e-06,ACAMPROSATE CALCIUM,unknown
GRIN2B,3.0303030303030305e-06,ESKETAMINE,unknown
GRIN2B,3.0303030303030305e-06,RALFINAMIDE,unknown
GRIN2B,3.0303030303030305e-06,NEBOGLAMINE,unknown
GRIN2B,3.0303030303030305e-06,RAPASTINEL,unknown
GRIN2B,3.0303030303030305e-06,APIMOSTINEL,unknown
GRIN2B,3.0303030303030305e-06,AV-101,unknown
GRIN2B,3.0303030303030305e-06,ORPHENADRINE CITRATE,unknown
GRIN2B,3.0303030303030305e-06,CNS-5161,unknown
GRIN2B,3.0303030303030305e-06,MEMANTINE HYDROCHLORIDE,unknown
GRIN2B,3.0303030303030305e-06,AZD8108,unknown
GRIN2B,3.0303030303030305e-06,KETAMINE HYDROCHLORIDE,unknown
GRIN2B,3.0303030303030305e-06,LANICEMINE,unknown
GRIN2B,3.0303030303030305e-06,DELUCEMINE,unknown
GRIN2B,3.0303030303030305e-06,valproic acid,unknown
GRIN2B,3.0303030303030305e-06,PERZINFOTEL,unknown
GRIN2B,3.0303030303030305e-06,RISLENEMDAZ,unknown
GRIN2B,3.0303030303030305e-06,sevoflurane,unknown
GRIN2B,3.0303030303030305e-06,ESKETAMINE HYDROCHLORIDE,unknown
GRIN2B,3.0303030303030305e-06,NERAMEXANE MESYLATE,unknown
GRIN2B,3.0303030303030305e-06,quetiapine,unknown
GRIN2B,3.0303030303030305e-06,haloperidol,unknown
GRIN2B,3.0303030303030305e-06,ORPHENADRINE HYDROCHLORIDE,unknown
