gene,perturbation_score,drug_name,interaction_type,interaction_source_db_name,approved
CADM2,0.003398959078729564,DEHYDRATED ALCOHOL,,PharmGKB,True
NRXN1,0.0028714750209888258,DULOXETINE HYDROCHLORIDE,,PharmGKB,True
NRXN1,0.0028714750209888258,NICOTINE POLACRILEX,,PharmGKB,True
NRXN1,0.0028714750209888258,,,PharmGKB,
NLGN1,0.0017194406165077307,FLUOROURACIL,,PharmGKB,True
APP,0.0005386475354699031,RELAXIN-3,agonist,GuideToPharmacology,False
APP,0.0005386475354699031,METHYLINOSITOL,,TTD,False
APP,0.0005386475354699031,SCYLLITOL,,TTD,False
APP,0.0005386475354699031,2-CHLOROADENOSINE-5-TRIPHOSPHATE,,DTC,False
APP,0.0005386475354699031,,,TTD,
APP,0.0005386475354699031,,,TTD,
APP,0.0005386475354699031,CRENEZUMAB,,TTD,False
APP,0.0005386475354699031,,,TTD,
APP,0.0005386475354699031,,,TdgClinicalTrial,
APP,0.0005386475354699031,VALILTRAMIPROSATE,,TdgClinicalTrial,False
APP,0.0005386475354699031,,,TTD,
APP,0.0005386475354699031,CAPROSPINOL,,TdgClinicalTrial,False
APP,0.0005386475354699031,DAUNORUBICIN LIPOSOMAL,,NCI,True
APP,0.0005386475354699031,AMPHOTERICIN B LIPOSOMAL,,NCI,True
APP,0.0005386475354699031,,,NCI,
APP,0.0005386475354699031,DONANEMAB,negative modulator,ChEMBL,False
APP,0.0005386475354699031,TRAMIPROSATE,modulator,ChEMBL,False
APP,0.0005386475354699031,AMILOMOTIDE,vaccine,ChEMBL,False
APP,0.0005386475354699031,GSK933776,binder,ChEMBL,False
APP,0.0005386475354699031,ADUCANUMAB,binder,ChEMBL,True
APP,0.0005386475354699031,SA10SC-RLX,agonist,GuideToPharmacology,False
APP,0.0005386475354699031,B-R13/17K H2 RELAXIN,inhibitor,GuideToPharmacology,False
APP,0.0005386475354699031,HYDROXYCHLOROQUINE,,NCI,True
APP,0.0005386475354699031,RELAXIN-1,agonist,GuideToPharmacology,False
APP,0.0005386475354699031,LY3540378,agonist,GuideToPharmacology,False
APP,0.0005386475354699031,RELAXIN,agonist,GuideToPharmacology,False
APP,0.0005386475354699031,A(4-24)(B7-24)H2,agonist,GuideToPharmacology,False
APP,0.0005386475354699031,PONEZUMAB,binder,ChEMBL,False
APP,0.0005386475354699031,BAPINEUZUMAB,binder,ChEMBL,False
APP,0.0005386475354699031,RELAXIN,agonist,GuideToPharmacology,False
APP,0.0005386475354699031,,,TTD,
APP,0.0005386475354699031,,,TTD,
APP,0.0005386475354699031,,,TTD,
APP,0.0005386475354699031,FERULIC ACID,,DTC,True
APP,0.0005386475354699031,VALILTRAMIPROSATE,modulator,ChEMBL,False
APP,0.0005386475354699031,,,TTD,
APP,0.0005386475354699031,,,TTD,
APP,0.0005386475354699031,,,TTD,
APP,0.0005386475354699031,CRENEZUMAB,,TdgClinicalTrial,False
APP,0.0005386475354699031,SOLANEZUMAB,,TTD,False
APP,0.0005386475354699031,CURCUMIN,,TTD,True
APP,0.0005386475354699031,GSK933776,,TTD,False
APP,0.0005386475354699031,GANTENERUMAB,binder,ChEMBL,False
APP,0.0005386475354699031,,,TTD,
APP,0.0005386475354699031,CHEMBL:CHEMBL477841,,DTC,False
APP,0.0005386475354699031,,,TTD,
APP,0.0005386475354699031,,,TTD,
APP,0.0005386475354699031,,,TTD,
APP,0.0005386475354699031,,,TTD,
APP,0.0005386475354699031,VALILTRAMIPROSATE,,TTD,False
APP,0.0005386475354699031,POSIPHEN,,TdgClinicalTrial,False
APP,0.0005386475354699031,CURCUMIN,,DTC,True
APP,0.0005386475354699031,FLORBETAPIR F-18,,TTD,True
APP,0.0005386475354699031,PARAROSANILINE,,DTC,False
APP,0.0005386475354699031,CLIOQUINOL,,DTC,True
APP,0.0005386475354699031,TRAMIPROSATE,,TdgClinicalTrial,False
APP,0.0005386475354699031,CRENEZUMAB,inhibitor,ChEMBL,False
APP,0.0005386475354699031,EUROPIUM-LABELLED RELAXIN,agonist,GuideToPharmacology,False
APP,0.0005386475354699031,NANOLUCIFERASE-LABELLED RELAXIN,agonist,GuideToPharmacology,False
APP,0.0005386475354699031,NIROGACESTAT,,TTD,True
APP,0.0005386475354699031,VANUTIDE CRIDIFICAR,,TdgClinicalTrial,False
APP,0.0005386475354699031,VANUTIDE CRIDIFICAR,vaccine,ChEMBL,False
APP,0.0005386475354699031,PRADEMAGENE ZAMIKERACEL,,TTD,False
APP,0.0005386475354699031,[125I]RELAXIN (HUMAN),agonist,GuideToPharmacology,False
APP,0.0005386475354699031,PONEZUMAB,,TTD,False
APP,0.0005386475354699031,BAPINEUZUMAB,,TTD,False
APP,0.0005386475354699031,PTI-110,,TTD,False
APP,0.0005386475354699031,BAPINEUZUMAB,,TdgClinicalTrial,False
APP,0.0005386475354699031,"3,5-DICAFFEOYLQUINIC ACID",,DTC,False
APP,0.0005386475354699031,SOLANEZUMAB,,TdgClinicalTrial,False
APP,0.0005386475354699031,RELAXIN,agonist,GuideToPharmacology,False
APP,0.0005386475354699031,GANTENERUMAB,,TTD,False
APP,0.0005386475354699031,LECANEMAB,,TdgClinicalTrial,False
APP,0.0005386475354699031,TRIAZINATE,,NCI,False
APP,0.0005386475354699031,CHEMBL:CHEMBL177126,,DTC,False
APP,0.0005386475354699031,SOLANEZUMAB,binder,ChEMBL,False
APP,0.0005386475354699031,COMPOUND 54,agonist,GuideToPharmacology,False
APP,0.0005386475354699031,INOSITOL,,TdgClinicalTrial,True
APP,0.0005386475354699031,,,TdgClinicalTrial,
APP,0.0005386475354699031,RESVERATROL,,DTC,True
APP,0.0005386475354699031,INOSITOL,,TTD,True
APP,0.0005386475354699031,[33P]RELAXIN (HUMAN),agonist,GuideToPharmacology,False
APP,0.0005386475354699031,(B7-33)H2,agonist,GuideToPharmacology,False
APP,0.0005386475354699031,,,TTD,
APP,0.0005386475354699031,,,TTD,
APP,0.0005386475354699031,,,TTD,
APP,0.0005386475354699031,,,TTD,
APP,0.0005386475354699031,LECANEMAB,,TTD,False
APP,0.0005386475354699031,A(4-24)(F23A)H2,agonist,GuideToPharmacology,False
APP,0.0005386475354699031,T-817 MALEATE,,TTD,False
APP,0.0005386475354699031,GANTENERUMAB,,TdgClinicalTrial,False
APP,0.0005386475354699031,ADUCANUMAB,,TTD,True
APP,0.0005386475354699031,RELAXIN,agonist,GuideToPharmacology,False
APP,0.0005386475354699031,GENTIAN VIOLET CATION,,DTC,True
APP,0.0005386475354699031,PROPOFOL,,NCI,True
APP,0.0005386475354699031,PONEZUMAB,,TdgClinicalTrial,False
APP,0.0005386475354699031,,,TTD,
APP,0.0005386475354699031,AMILOMOTIDE,,TTD,False
APP,0.0005386475354699031,,,TTD,
APP,0.0005386475354699031,LECANEMAB,inhibitor,ChEMBL,True
APP,0.0005386475354699031,ML290,modulator,GuideToPharmacology,False
APP,0.0005386475354699031,INSL3,agonist,GuideToPharmacology,False
APP,0.0005386475354699031,CONGO RED,,DTC,False
APP,0.0005386475354699031,TRAMIPROSATE,,TTD,False
APP,0.0005386475354699031,TAMRLX,agonist,GuideToPharmacology,False
APP,0.0005386475354699031,ISOCHLOROGENIC ACID B,,DTC,False
APP,0.0005386475354699031,ADUCANUMAB,,TdgClinicalTrial,True
GRIN2A,0.0005284896360440044,"SERINE, D-",agonist,GuideToPharmacology,False
GRIN2A,0.0005284896360440044,PHILANTHOTOXIN 343,,DTC,False
GRIN2A,0.0005284896360440044,HOMOQUINOLINIC ACID,agonist,GuideToPharmacology,False
GRIN2A,0.0005284896360440044,INDANTADOL,inhibitor,ChEMBL,False
GRIN2A,0.0005284896360440044,MG2+,blocker,GuideToPharmacology,False
GRIN2A,0.0005284896360440044,FELBAMATE,,TEND,True
GRIN2A,0.0005284896360440044,FELBAMATE,inhibitor,ChEMBL,True
GRIN2A,0.0005284896360440044,MEMANTINE HYDROCHLORIDE,,TEND,True
GRIN2A,0.0005284896360440044,ESKETAMINE,negative modulator,ChEMBL,True
GRIN2A,0.0005284896360440044,ACAMPROSATE CALCIUM,inhibitor,ChEMBL,True
GRIN2A,0.0005284896360440044,DEXTROMETHORPHAN HYDROBROMIDE,inhibitor,ChEMBL,True
GRIN2A,0.0005284896360440044,AMANTADINE HYDROCHLORIDE,inhibitor,ChEMBL,True
GRIN2A,0.0005284896360440044,RALFINAMIDE,inhibitor,ChEMBL,False
GRIN2A,0.0005284896360440044,GW468816,inhibitor,ChEMBL,False
GRIN2A,0.0005284896360440044,[3H]MDL105519,inhibitor,GuideToPharmacology,False
GRIN2A,0.0005284896360440044,[3H]DIZOCILPINE,blocker,GuideToPharmacology,False
GRIN2A,0.0005284896360440044,NVP-AAM077,inhibitor,GuideToPharmacology,False
GRIN2A,0.0005284896360440044,D-CCPENE,inhibitor,GuideToPharmacology,False
GRIN2A,0.0005284896360440044,GLYCINE,,TTD,True
GRIN2A,0.0005284896360440044,LY233053,inhibitor,GuideToPharmacology,False
GRIN2A,0.0005284896360440044,UBP141,inhibitor,GuideToPharmacology,False
GRIN2A,0.0005284896360440044,(+)-HA966,agonist,GuideToPharmacology,False
GRIN2A,0.0005284896360440044,AZD8108,inhibitor,ChEMBL,False
GRIN2A,0.0005284896360440044,AMANTADINE HYDROCHLORIDE,blocker,GuideToPharmacology,True
GRIN2A,0.0005284896360440044,"5,7-DICHLOROKYNURENIC ACID",inhibitor,GuideToPharmacology,False
GRIN2A,0.0005284896360440044,LATREPIRDINE,,TdgClinicalTrial,False
GRIN2A,0.0005284896360440044,MEMANTINE HYDROCHLORIDE,negative modulator,ChEMBL,True
GRIN2A,0.0005284896360440044,MEMANTINE HYDROCHLORIDE,,TdgClinicalTrial,True
GRIN2A,0.0005284896360440044,DIMIRACETAM,,TdgClinicalTrial,False
GRIN2A,0.0005284896360440044,[3H]CGP39653,inhibitor,GuideToPharmacology,False
GRIN2A,0.0005284896360440044,L689560,inhibitor,GuideToPharmacology,False
GRIN2A,0.0005284896360440044,GLYCINE,agonist,GuideToPharmacology,True
GRIN2A,0.0005284896360440044,D-AP5,inhibitor,GuideToPharmacology,False
GRIN2A,0.0005284896360440044,NMDA,agonist,GuideToPharmacology,False
GRIN2A,0.0005284896360440044,GLYCINE,agonist,GuideToPharmacology,True
GRIN2A,0.0005284896360440044,[3H]CGS19755,inhibitor,GuideToPharmacology,False
GRIN2A,0.0005284896360440044,DIZOCILPINE,blocker,GuideToPharmacology,False
GRIN2A,0.0005284896360440044,ESKETAMINE HYDROCHLORIDE,,TdgClinicalTrial,False
GRIN2A,0.0005284896360440044,TCN-201,modulator,GuideToPharmacology,False
GRIN2A,0.0005284896360440044,CNS-5161,,TdgClinicalTrial,False
GRIN2A,0.0005284896360440044,INDANTADOL,,TdgClinicalTrial,False
GRIN2A,0.0005284896360440044,,,TdgClinicalTrial,
GRIN2A,0.0005284896360440044,ORPHENADRINE CITRATE,inhibitor,ChEMBL,True
GRIN2A,0.0005284896360440044,FELBAMATE,,TdgClinicalTrial,True
GRIN2A,0.0005284896360440044,DEXANABINOL,,TdgClinicalTrial,False
GRIN2A,0.0005284896360440044,DIZOCILPINE,,DTC,False
GRIN2A,0.0005284896360440044,PHENCYCLIDINE,blocker,GuideToPharmacology,False
GRIN2A,0.0005284896360440044,[3H]L689560,inhibitor,GuideToPharmacology,False
GRIN2A,0.0005284896360440044,NBQX,,TTD,False
GRIN2A,0.0005284896360440044,DEXTROMETHORPHAN POLISTIREX,inhibitor,ChEMBL,True
GRIN2A,0.0005284896360440044,ZWB67,antibody,GuideToPharmacology,False
GRIN2A,0.0005284896360440044,CGP37849,inhibitor,GuideToPharmacology,False
GRIN2A,0.0005284896360440044,ASPARTIC ACID,agonist,GuideToPharmacology,True
GRIN2A,0.0005284896360440044,NERAMEXANE MESYLATE,inhibitor,ChEMBL,False
GRIN2A,0.0005284896360440044,KETAMINE HYDROCHLORIDE,blocker,GuideToPharmacology,True
GRIN2A,0.0005284896360440044,KETAMINE HYDROCHLORIDE,,DTC,True
GRIN2A,0.0005284896360440044,NEBOGLAMINE,positive modulator,ChEMBL,False
GRIN2A,0.0005284896360440044,APIMOSTINEL,agonist,ChEMBL,False
GRIN2A,0.0005284896360440044,ESKETAMINE,negative modulator,ChEMBL,True
GRIN2A,0.0005284896360440044,CNS-5161,blocker,ChEMBL,False
GRIN2A,0.0005284896360440044,,,TTD,
GRIN2A,0.0005284896360440044,ORPHENADRINE HYDROCHLORIDE,inhibitor,ChEMBL,True
GRIN2A,0.0005284896360440044,LANICEMINE,blocker,ChEMBL,False
GRIN2A,0.0005284896360440044,NERAMEXANE,,TdgClinicalTrial,False
GRIN2A,0.0005284896360440044,LANICEMINE,,TdgClinicalTrial,False
GRIN2A,0.0005284896360440044,[3H]CPP,inhibitor,GuideToPharmacology,False
GRIN2A,0.0005284896360440044,(RS)-(TETRAZOL-5-YL)GLYCINE,agonist,GuideToPharmacology,False
GRIN2A,0.0005284896360440044,SAGE-718,modulator,GuideToPharmacology,False
GRIN2A,0.0005284896360440044,GV196771A,inhibitor,GuideToPharmacology,False
GRIN2A,0.0005284896360440044,[3H]CGP61594,inhibitor,GuideToPharmacology,False
GRIN2A,0.0005284896360440044,CONANTOKIN-G,inhibitor,GuideToPharmacology,False
GRIN2A,0.0005284896360440044,PLAZINEMDOR,modulator,GuideToPharmacology,False
GRIN2A,0.0005284896360440044,RAPASTINEL,agonist,ChEMBL,False
GRIN2A,0.0005284896360440044,AV-101,inhibitor,ChEMBL,False
GRIN2A,0.0005284896360440044,HALOPERIDOL DECANOATE,,PharmGKB,True
GRIN2A,0.0005284896360440044,NYX-2925,modulator,GuideToPharmacology,False
GRIN2A,0.0005284896360440044,[3H]D-ASPARTIC ACID,agonist,GuideToPharmacology,False
GRIN2A,0.0005284896360440044,N1-DANSYL-SPERMINE,blocker,GuideToPharmacology,False
GRIN2A,0.0005284896360440044,ZOLBETUXIMAB,antibody,GuideToPharmacology,False
GRIN2A,0.0005284896360440044,L701324,inhibitor,GuideToPharmacology,False
GRIN2A,0.0005284896360440044,SELFOTEL,inhibitor,GuideToPharmacology,False
GRIN2A,0.0005284896360440044,MEMANTINE HYDROCHLORIDE,,DTC,True
GRIN2A,0.0005284896360440044,PERZINFOTEL,inhibitor,ChEMBL,False
GRIN2A,0.0005284896360440044,KETAMINE HYDROCHLORIDE,negative modulator,ChEMBL,True
GRIN2A,0.0005284896360440044,DELUCEMINE,inhibitor,ChEMBL,False
GRIN2B,0.00047882228046991303,NERAMEXANE MESYLATE,inhibitor,ChEMBL,False
GRIN2B,0.00047882228046991303,QUETIAPINE FUMARATE,,PharmGKB,True
GRIN2B,0.00047882228046991303,,,TTD,
GRIN2B,0.00047882228046991303,LY233053,inhibitor,GuideToPharmacology,False
GRIN2B,0.00047882228046991303,CONANTOKIN-G,inhibitor,GuideToPharmacology,False
GRIN2B,0.00047882228046991303,COMPOUND 18C [PMID: 25901531],inhibitor,GuideToPharmacology,False
GRIN2B,0.00047882228046991303,D-CCPENE,inhibitor,GuideToPharmacology,False
GRIN2B,0.00047882228046991303,S-DESCHLOROKETAMINE,inhibitor,GuideToPharmacology,False
GRIN2B,0.00047882228046991303,,,TTD,
GRIN2B,0.00047882228046991303,,,TTD,
GRIN2B,0.00047882228046991303,PHENCYCLIDINE,blocker,GuideToPharmacology,False
GRIN2B,0.00047882228046991303,NBQX,,TTD,False
GRIN2B,0.00047882228046991303,L689560,inhibitor,GuideToPharmacology,False
GRIN2B,0.00047882228046991303,NMDA,agonist,GuideToPharmacology,False
GRIN2B,0.00047882228046991303,GLYCINE,agonist,GuideToPharmacology,True
GRIN2B,0.00047882228046991303,ELIPRODIL,,TTD,False
GRIN2B,0.00047882228046991303,ORPHENADRINE HYDROCHLORIDE,inhibitor,ChEMBL,True
GRIN2B,0.00047882228046991303,[3H]MDL105519,inhibitor,GuideToPharmacology,False
GRIN2B,0.00047882228046991303,HOMOQUINOLINIC ACID,agonist,GuideToPharmacology,False
GRIN2B,0.00047882228046991303,D-AP5,inhibitor,GuideToPharmacology,False
GRIN2B,0.00047882228046991303,"SERINE, D-",agonist,GuideToPharmacology,False
GRIN2B,0.00047882228046991303,ESKETAMINE,negative modulator,ChEMBL,True
GRIN2B,0.00047882228046991303,ACAMPROSATE CALCIUM,inhibitor,ChEMBL,True
GRIN2B,0.00047882228046991303,NVP-AAM077,inhibitor,GuideToPharmacology,False
GRIN2B,0.00047882228046991303,[3H]DIZOCILPINE,blocker,GuideToPharmacology,False
GRIN2B,0.00047882228046991303,INDANTADOL,inhibitor,ChEMBL,False
GRIN2B,0.00047882228046991303,RADIPRODIL,inhibitor,ChEMBL,False
GRIN2B,0.00047882228046991303,EVT-101,inhibitor,ChEMBL,False
GRIN2B,0.00047882228046991303,DIZOCILPINE,blocker,GuideToPharmacology,False
GRIN2B,0.00047882228046991303,EVT-101,,TdgClinicalTrial,False
GRIN2B,0.00047882228046991303,ASPARTIC ACID,agonist,GuideToPharmacology,True
GRIN2B,0.00047882228046991303,GW468816,inhibitor,ChEMBL,False
GRIN2B,0.00047882228046991303,[3H]CGS19755,inhibitor,GuideToPharmacology,False
GRIN2B,0.00047882228046991303,RISPERIDONE,,PharmGKB,True
GRIN2B,0.00047882228046991303,RADIPRODIL,,TTD,False
GRIN2B,0.00047882228046991303,TRAXOPRODIL,inhibitor,ChEMBL,False
GRIN2B,0.00047882228046991303,CNS-5161,blocker,ChEMBL,False
GRIN2B,0.00047882228046991303,UBP141,inhibitor,GuideToPharmacology,False
GRIN2B,0.00047882228046991303,"5,7-DICHLOROKYNURENIC ACID",inhibitor,GuideToPharmacology,False
GRIN2B,0.00047882228046991303,[3H]CGP39653,inhibitor,GuideToPharmacology,False
GRIN2B,0.00047882228046991303,GV196771A,inhibitor,GuideToPharmacology,False
GRIN2B,0.00047882228046991303,INDANTADOL,,TdgClinicalTrial,False
GRIN2B,0.00047882228046991303,ESKETAMINE HYDROCHLORIDE,,TdgClinicalTrial,False
GRIN2B,0.00047882228046991303,AMANTADINE HYDROCHLORIDE,blocker,GuideToPharmacology,True
GRIN2B,0.00047882228046991303,,,TdgClinicalTrial,
GRIN2B,0.00047882228046991303,ORPHENADRINE CITRATE,inhibitor,ChEMBL,True
GRIN2B,0.00047882228046991303,AV-101,inhibitor,ChEMBL,False
GRIN2B,0.00047882228046991303,APIMOSTINEL,agonist,ChEMBL,False
GRIN2B,0.00047882228046991303,RAPASTINEL,agonist,ChEMBL,False
GRIN2B,0.00047882228046991303,NEBOGLAMINE,positive modulator,ChEMBL,False
GRIN2B,0.00047882228046991303,MG2+,blocker,GuideToPharmacology,False
GRIN2B,0.00047882228046991303,RALFINAMIDE,inhibitor,ChEMBL,False
GRIN2B,0.00047882228046991303,NERAMEXANE,,TdgClinicalTrial,False
GRIN2B,0.00047882228046991303,LANICEMINE,blocker,ChEMBL,False
GRIN2B,0.00047882228046991303,DEXANABINOL,,TdgClinicalTrial,False
GRIN2B,0.00047882228046991303,GRP94 INHIBITOR 54,inhibitor,GuideToPharmacology,False
GRIN2B,0.00047882228046991303,KETAMINE HYDROCHLORIDE,blocker,GuideToPharmacology,True
GRIN2B,0.00047882228046991303,SELFOTEL,inhibitor,GuideToPharmacology,False
GRIN2B,0.00047882228046991303,MEMANTINE HYDROCHLORIDE,,TEND,True
GRIN2B,0.00047882228046991303,KETAMINE HYDROCHLORIDE,negative modulator,ChEMBL,True
GRIN2B,0.00047882228046991303,(RS)-(TETRAZOL-5-YL)GLYCINE,agonist,GuideToPharmacology,False
GRIN2B,0.00047882228046991303,LATREPIRDINE,,TdgClinicalTrial,False
GRIN2B,0.00047882228046991303,DIMIRACETAM,,TdgClinicalTrial,False
GRIN2B,0.00047882228046991303,(+)-HA966,agonist,GuideToPharmacology,False
GRIN2B,0.00047882228046991303,CNS-5161,,TdgClinicalTrial,False
GRIN2B,0.00047882228046991303,AZD8108,inhibitor,ChEMBL,False
GRIN2B,0.00047882228046991303,MEMANTINE HYDROCHLORIDE,negative modulator,ChEMBL,True
GRIN2B,0.00047882228046991303,MEMANTINE HYDROCHLORIDE,,TdgClinicalTrial,True
GRIN2B,0.00047882228046991303,N1-DANSYL-SPERMINE,blocker,GuideToPharmacology,False
GRIN2B,0.00047882228046991303,ESKETAMINE,negative modulator,ChEMBL,True
GRIN2B,0.00047882228046991303,CGP37849,inhibitor,GuideToPharmacology,False
GRIN2B,0.00047882228046991303,[3H]L689560,inhibitor,GuideToPharmacology,False
GRIN2B,0.00047882228046991303,SEVOFLURANE,,PharmGKB,True
GRIN2B,0.00047882228046991303,RISLENEMDAZ,inhibitor,ChEMBL,False
GRIN2B,0.00047882228046991303,[3H]CPP,inhibitor,GuideToPharmacology,False
GRIN2B,0.00047882228046991303,RISLENEMDAZ,,TTD,False
GRIN2B,0.00047882228046991303,PERZINFOTEL,inhibitor,ChEMBL,False
GRIN2B,0.00047882228046991303,SEMAPIMOD,inhibitor,GuideToPharmacology,False
GRIN2B,0.00047882228046991303,SAGE-718,modulator,GuideToPharmacology,False
GRIN2B,0.00047882228046991303,LANICEMINE,,TdgClinicalTrial,False
GRIN2B,0.00047882228046991303,VALPROIC ACID,,PharmGKB,True
GRIN2B,0.00047882228046991303,DELUCEMINE,inhibitor,ChEMBL,False
GRIN2B,0.00047882228046991303,TRAXOPRODIL,,TTD,False
GRIN2B,0.00047882228046991303,L701324,inhibitor,GuideToPharmacology,False
GRIN2B,0.00047882228046991303,[3H]D-ASPARTIC ACID,agonist,GuideToPharmacology,False
GRIN2B,0.00047882228046991303,GLYCINE,agonist,GuideToPharmacology,True
GRIN2B,0.00047882228046991303,ONFASPRODIL,modulator,GuideToPharmacology,False
GRIN2B,0.00047882228046991303,HALOPERIDOL DECANOATE,,PharmGKB,True
GRIN2B,0.00047882228046991303,[3H]CGP61594,inhibitor,GuideToPharmacology,False
GRIN2B,0.00047882228046991303,,,TdgClinicalTrial,
GRIN2B,0.00047882228046991303,,,TTD,
GRIN2B,0.00047882228046991303,FELBAMATE,,TEND,True
GRIN2B,0.00047882228046991303,FELBAMATE,,TdgClinicalTrial,True
GRIN2B,0.00047882228046991303,CLOZAPINE,,PharmGKB,True
GRIN2B,0.00047882228046991303,METHYLPHENIDATE HYDROCHLORIDE,,PharmGKB,True
GRIN2B,0.00047882228046991303,FELBAMATE,inhibitor,ChEMBL,True
GRIN2B,0.00047882228046991303,AMANTADINE HYDROCHLORIDE,inhibitor,ChEMBL,True
MAPT,0.00037053070094837486,GF109203X,,DTC,False
MAPT,0.00037053070094837486,CHEMBL:CHEMBL196814,,DTC,False
MAPT,0.00037053070094837486,CHEMBL:CHEMBL2181046,,DTC,False
MAPT,0.00037053070094837486,KAEMPHEROL,,DTC,False
MAPT,0.00037053070094837486,CHEMBL:CHEMBL184074,,DTC,False
MAPT,0.00037053070094837486,DIMETHYL GAMBOGATE,,DTC,False
MAPT,0.00037053070094837486,CAFFEIC ACID PHENETHYL ESTER,,DTC,False
MAPT,0.00037053070094837486,"3,4-DICHLOROISOCOUMARIN",,DTC,False
MAPT,0.00037053070094837486,RATANIAPHENOL II,,DTC,False
MAPT,0.00037053070094837486,CATECHIN,,DTC,True
MAPT,0.00037053070094837486,DIHYDROERGOTAMINE MESYLATE,,DTC,True
MAPT,0.00037053070094837486,CHEMBL:CHEMBL1466186,,DTC,False
MAPT,0.00037053070094837486,DEHYDROVARIABILIN,,DTC,False
MAPT,0.00037053070094837486,ISOBOLDINE,,DTC,False
MAPT,0.00037053070094837486,RHAMNETIN,,DTC,False
MAPT,0.00037053070094837486,CHEMBL:CHEMBL328710,,DTC,False
MAPT,0.00037053070094837486,CHEMBL:CHEMBL579837,,DTC,False
MAPT,0.00037053070094837486,RESERPINE,,DTC,True
MAPT,0.00037053070094837486,"2,3-DIHYDROXY-4-METHOXY-4'-ETHOXYBENZOPHENONE",,DTC,False
MAPT,0.00037053070094837486,CHEMBL:CHEMBL310934,,DTC,False
MAPT,0.00037053070094837486,CHEMBL:CHEMBL428789,,DTC,False
MAPT,0.00037053070094837486,CHEMBL:CHEMBL590186,,DTC,False
MAPT,0.00037053070094837486,CHEMBL:CHEMBL606166,,DTC,False
MAPT,0.00037053070094837486,,,TTD,
MAPT,0.00037053070094837486,,,TTD,
MAPT,0.00037053070094837486,,,TdgClinicalTrial,
MAPT,0.00037053070094837486,"1,4-DIMETHOXYANTHRAQUINONE",,DTC,False
MAPT,0.00037053070094837486,CHEMBL:CHEMBL1397308,,DTC,False
MAPT,0.00037053070094837486,CHEMBL:CHEMBL601367,,DTC,False
MAPT,0.00037053070094837486,ALLOXAN,,DTC,False
MAPT,0.00037053070094837486,EMBELIN,,DTC,False
MAPT,0.00037053070094837486,HELIOMYCIN,,DTC,False
MAPT,0.00037053070094837486,SANGUINARINE SULFATE,,DTC,False
MAPT,0.00037053070094837486,HAEMATOXYLIN,,DTC,False
MAPT,0.00037053070094837486,ITRACONAZOLE,,DTC,False
MAPT,0.00037053070094837486,,,TTD,
MAPT,0.00037053070094837486,,,TTD,
MAPT,0.00037053070094837486,KOPARIN,,DTC,False
MAPT,0.00037053070094837486,"2,3,4-TRIHYDROXY-4'-ETHOXYBENZOPHENONE",,DTC,False
MAPT,0.00037053070094837486,APIGENIN,,DTC,True
MAPT,0.00037053070094837486,ARISTOLOCHIC ACID,,DTC,False
MAPT,0.00037053070094837486,CHEMBL:CHEMBL533965,,DTC,False
MAPT,0.00037053070094837486,CHEMBL:CHEMBL581044,,DTC,False
MAPT,0.00037053070094837486,CYSTAMINE HYDROCHLORIDE,,DTC,False
MAPT,0.00037053070094837486,CHEMBL:CHEMBL582286,,DTC,False
MAPT,0.00037053070094837486,CHEMBL:CHEMBL1534034,,DTC,False
MAPT,0.00037053070094837486,ROSMARINIC ACID,,DTC,False
MAPT,0.00037053070094837486,CHLORANIL,,DTC,False
MAPT,0.00037053070094837486,CHEMBL:CHEMBL600694,,DTC,False
MAPT,0.00037053070094837486,BISANHYDRORUTILANTINONE,,DTC,False
MAPT,0.00037053070094837486,HELENALIN,,DTC,False
MAPT,0.00037053070094837486,CHEMBL:CHEMBL2095095,,DTC,False
MAPT,0.00037053070094837486,DOCEBENONE,,DTC,False
MAPT,0.00037053070094837486,TILAVONEMAB,inhibitor,ChEMBL,False
MAPT,0.00037053070094837486,SEMORINEMAB,inhibitor,ChEMBL,False
MAPT,0.00037053070094837486,NIFUROXAZIDE,,DTC,False
MAPT,0.00037053070094837486,PROTOAPIGENONE,,DTC,False
MAPT,0.00037053070094837486,ERGOCRISTINE,,DTC,False
MAPT,0.00037053070094837486,GENTIAN VIOLET CATION,,DTC,True
MAPT,0.00037053070094837486,ACID BLUE 129,,DTC,False
MAPT,0.00037053070094837486,CHEMBL:CHEMBL533293,,DTC,False
MAPT,0.00037053070094837486,HEXACHLOROPHENE,,DTC,True
MAPT,0.00037053070094837486,BAICALEIN,,DTC,False
MAPT,0.00037053070094837486,TYRPHOSTIN 51,,DTC,False
MAPT,0.00037053070094837486,POSDINEMAB,inhibitor,ChEMBL,False
MAPT,0.00037053070094837486,CEAROIN,,DTC,False
MAPT,0.00037053070094837486,U-0126,,DTC,False
MAPT,0.00037053070094837486,FELODIPINE,,DTC,True
MAPT,0.00037053070094837486,CHEMBL:CHEMBL609606,,DTC,False
MAPT,0.00037053070094837486,ANGUSTIBALIN,,DTC,False
MAPT,0.00037053070094837486,DIHYDROERGOCRISTINE,,DTC,True
MAPT,0.00037053070094837486,METHYL 7-DESHYDROXYPYROGALLIN-4-CARBOXYLATE,,DTC,False
MAPT,0.00037053070094837486,AG 9,,DTC,False
MAPT,0.00037053070094837486,INDIRUBIN-3'-MONOXIME,,DTC,False
MAPT,0.00037053070094837486,MORIN,,DTC,False
MAPT,0.00037053070094837486,SULFURETIN,,DTC,False
MAPT,0.00037053070094837486,12A-HYDROXY-5-DEOXYDEHYDROMUNDUSERONE,,DTC,False
MAPT,0.00037053070094837486,ROTTLERIN,,DTC,False
MAPT,0.00037053070094837486,ZAGOTENEMAB,,TTD,False
MAPT,0.00037053070094837486,PTEROSTILBENE,,DTC,False
MAPT,0.00037053070094837486,DANTROLENE,,DTC,True
MAPT,0.00037053070094837486,"2,6-DIMETHOXYQUINONE",,DTC,False
MAPT,0.00037053070094837486,CHEMBL:CHEMBL578257,,DTC,False
MAPT,0.00037053070094837486,GALLIC ACID,,DTC,False
MAPT,0.00037053070094837486,GOSURANEMAB,inhibitor,ChEMBL,False
MAPT,0.00037053070094837486,IRIGINOL HEXAACEATATE,,DTC,False
MAPT,0.00037053070094837486,DEXKETOPROFEN,,DTC,True
MAPT,0.00037053070094837486,CHEMBL:CHEMBL313737,,DTC,False
MAPT,0.00037053070094837486,GW441756X,,DTC,False
MAPT,0.00037053070094837486,MYRICETIN,,DTC,False
MAPT,0.00037053070094837486,CHEMBL:CHEMBL166486,,DTC,False
MAPT,0.00037053070094837486,CHEMBL:CHEMBL600738,,DTC,False
MAPT,0.00037053070094837486,BISSALICYL FUMARATE,,DTC,False
MAPT,0.00037053070094837486,CHELERYTHRINE CHLORIDE,,DTC,False
MAPT,0.00037053070094837486,CRYPTOTANSHINONE,,DTC,False
MAPT,0.00037053070094837486,CYSTAMINE DIHYDROCHLORIDE,,DTC,False
MAPT,0.00037053070094837486,TANSHINONE IIA,,DTC,False
MAPT,0.00037053070094837486,OXYPHENBUTAZONE,,DTC,True
MAPT,0.00037053070094837486,GOSURANEMAB,,TTD,False
MAPT,0.00037053070094837486,NICLOSAMIDE,,DTC,True
MAPT,0.00037053070094837486,CHEMBL:CHEMBL586061,,DTC,False
MAPT,0.00037053070094837486,CHEMBL:CHEMBL587620,,DTC,False
MAPT,0.00037053070094837486,CHEMBL:CHEMBL580071,,DTC,False
MAPT,0.00037053070094837486,TETROQUINONE,,DTC,False
MAPT,0.00037053070094837486,CHEMBL:CHEMBL1426508,,DTC,False
MAPT,0.00037053070094837486,EMODIC ACID,,DTC,False
MAPT,0.00037053070094837486,CIS-RESVERATROL,,DTC,False
MAPT,0.00037053070094837486,CHEMBL:CHEMBL429095,,DTC,False
MAPT,0.00037053070094837486,TYRPHOSTIN A9,,DTC,False
MAPT,0.00037053070094837486,NIGULDIPINE,,DTC,False
MAPT,0.00037053070094837486,CHEMBL:CHEMBL175266,,DTC,False
MAPT,0.00037053070094837486,CHEMBL:CHEMBL1335833,,DTC,False
MAPT,0.00037053070094837486,LAVENDUSTIN A,,DTC,False
MAPT,0.00037053070094837486,CHEMBL:CHEMBL601353,,DTC,False
MAPT,0.00037053070094837486,CHEMBL:CHEMBL1569494,,DTC,False
MAPT,0.00037053070094837486,BITHIONOL,,DTC,True
MAPT,0.00037053070094837486,ALTENUSIN,,DTC,False
MAPT,0.00037053070094837486,PHOSMET,,DTC,False
MAPT,0.00037053070094837486,TYRPHOSTIN 23,,DTC,False
MAPT,0.00037053070094837486,CHEMBL:CHEMBL1567571,,DTC,False
MAPT,0.00037053070094837486,CHEMBL:CHEMBL584442,,DTC,False
MAPT,0.00037053070094837486,5-HYDROXYTRYPTOPHAN,,DTC,True
MAPT,0.00037053070094837486,FENRETINIDE,,DTC,True
MAPT,0.00037053070094837486,GW5074,,DTC,False
MAPT,0.00037053070094837486,STICTIC ACID,,DTC,False
MAPT,0.00037053070094837486,GRINIMIBINE,,DTC,False
MAPT,0.00037053070094837486,TOLONIUM CHLORIDE,,DTC,False
MAPT,0.00037053070094837486,AMENTOFLAVONE,,DTC,False
MAPT,0.00037053070094837486,MANGOSTIN,,DTC,False
MAPT,0.00037053070094837486,2-MERCAPTOETHANESULFONIC ACID,,DTC,True
MAPT,0.00037053070094837486,APOMORPHINE,,DTC,True
MAPT,0.00037053070094837486,SHIKONIN,,DTC,False
MAPT,0.00037053070094837486,NBQX,,DTC,False
MAPT,0.00037053070094837486,NSC-663284,,DTC,False
MAPT,0.00037053070094837486,BERBERINE CHLORIDE,,DTC,False
MAPT,0.00037053070094837486,ERBSTATIN,,DTC,False
MAPT,0.00037053070094837486,SLAZINIC ACID,,DTC,False
MAPT,0.00037053070094837486,CHLOROTHALONIL,,DTC,False
MAPT,0.00037053070094837486,CHEMBL:CHEMBL67535,,DTC,False
MAPT,0.00037053070094837486,CHEMBL:CHEMBL578890,,DTC,False
MAPT,0.00037053070094837486,CHEMBL:CHEMBL1390716,,DTC,False
MAPT,0.00037053070094837486,CHEMBL:CHEMBL274921,,DTC,False
MAPT,0.00037053070094837486,CHEMBL:CHEMBL579105,,DTC,False
MAPT,0.00037053070094837486,CHEMBL:CHEMBL314639,,DTC,False
MAPT,0.00037053070094837486,CHEMBL:CHEMBL581574,,DTC,False
MAPT,0.00037053070094837486,ATHRAQUINONES A,,DTC,False
MAPT,0.00037053070094837486,GOSSYPETIN,,DTC,False
MAPT,0.00037053070094837486,DOXORUBICIN HYDROCHLORIDE,,DTC,True
MAPT,0.00037053070094837486,CHEMBL:CHEMBL528807,,DTC,False
MAPT,0.00037053070094837486,CHEMBL:CHEMBL1543865,,DTC,False
MAPT,0.00037053070094837486,CISPLATIN,,DTC,True
MAPT,0.00037053070094837486,CHEMBL:CHEMBL536375,,DTC,False
MAPT,0.00037053070094837486,HOMIDIUM BROMIDE,,DTC,False
MAPT,0.00037053070094837486,OSAJIN,,DTC,False
MAPT,0.00037053070094837486,CHEMBL:CHEMBL1503190,,DTC,False
MAPT,0.00037053070094837486,CHEMBL:CHEMBL584458,,DTC,False
MAPT,0.00037053070094837486,"DALBERGIONE, 4-METHOXY-4'-HYDROXY-",,DTC,False
MAPT,0.00037053070094837486,PHENAZOPYRIDINE HYDROCHLORIDE,,DTC,True
MAPT,0.00037053070094837486,DEPHOSTATIN,,DTC,False
MAPT,0.00037053070094837486,4-PHENYLENEDIAMINE,,DTC,False
MAPT,0.00037053070094837486,PROPYLENE GLYCOL MONOSTEARATE,,DTC,True
MAPT,0.00037053070094837486,CHEMBL:CHEMBL601618,,DTC,False
MAPT,0.00037053070094837486,DIHYDROXANTHOHUMOL,,DTC,False
MAPT,0.00037053070094837486,2-BENZOYL-5-METHOXYBENZOQUINONE,,DTC,False
MAPT,0.00037053070094837486,SB-408124,,DTC,False
MAPT,0.00037053070094837486,GUTHION,,DTC,False
MAPT,0.00037053070094837486,CHEMBL:CHEMBL505670,,DTC,False
MAPT,0.00037053070094837486,IRIGENOL,,DTC,False
MAPT,0.00037053070094837486,CHEMBL:CHEMBL1510164,,DTC,False
MAPT,0.00037053070094837486,RHEIN,,DTC,False
MAPT,0.00037053070094837486,CHEMBL:CHEMBL1451216,,DTC,False
MAPT,0.00037053070094837486,DAUNORUBICIN HYDROCHLORIDE,,DTC,True
MAPT,0.00037053070094837486,CHEMBL:CHEMBL1989853,,DTC,False
MAPT,0.00037053070094837486,CARBONYL CYANIDE M-CHLOROPHENYLHYDRAZONE,,DTC,False
MAPT,0.00037053070094837486,QUINALIZARIN,,DTC,False
MAPT,0.00037053070094837486,NORDEFRIN,,DTC,False
MAPT,0.00037053070094837486,CALCIMYCIN,,DTC,False
MAPT,0.00037053070094837486,RABEPRAZOLE,,DTC,True
MAPT,0.00037053070094837486,TRANSPLATIN,,DTC,False
MAPT,0.00037053070094837486,CHEMBL:CHEMBL244707,,DTC,False
MAPT,0.00037053070094837486,CHEMBL:CHEMBL2002487,,DTC,False
MAPT,0.00037053070094837486,CHEMBL:CHEMBL59150,,DTC,False
MAPT,0.00037053070094837486,LUTEOLIN,,DTC,False
MAPT,0.00037053070094837486,"3,4-DIDESMETHYL-5-DESHYDROXY-3'-ETHOXYSCLEROIN",,DTC,False
MAPT,0.00037053070094837486,SR2640,,DTC,False
MAPT,0.00037053070094837486,CHEMBL:CHEMBL19954,,DTC,False
MAPT,0.00037053070094837486,CHEMBL:CHEMBL2181041,,DTC,False
MAPT,0.00037053070094837486,PARAROSANILINE,,DTC,False
MAPT,0.00037053070094837486,SARCOLYSIN,,DTC,False
MAPT,0.00037053070094837486,NOREPINEPHRINE,,DTC,True
MAPT,0.00037053070094837486,CHEMBL:CHEMBL592124,,DTC,False
MAPT,0.00037053070094837486,CHEMBL:CHEMBL578512,,DTC,False
MAPT,0.00037053070094837486,NIFEDIPINE,,DTC,True
MAPT,0.00037053070094837486,CHEMBL:CHEMBL1372046,,DTC,False
MAPT,0.00037053070094837486,CHEMBL:CHEMBL591628,,DTC,False
MAPT,0.00037053070094837486,CHEMBL:CHEMBL211670,,DTC,False
MAPT,0.00037053070094837486,CHEMBL:CHEMBL601385,,DTC,False
MAPT,0.00037053070094837486,CHEMBL:CHEMBL1546228,,DTC,False
MAPT,0.00037053070094837486,CHEMBL:CHEMBL122701,,DTC,False
MAPT,0.00037053070094837486,SB-415286,,DTC,False
MAPT,0.00037053070094837486,PURPUROGALLIN,,DTC,False
MAPT,0.00037053070094837486,CHEMBL:CHEMBL600734,,DTC,False
MAPT,0.00037053070094837486,CHEMBL:CHEMBL582473,,DTC,False
MAPT,0.00037053070094837486,ELLIPTECINE,,DTC,False
MAPT,0.00037053070094837486,DITHIAZANINE IODIDE,,DTC,False
MAPT,0.00037053070094837486,WORTMANNIN,,DTC,False
MAPT,0.00037053070094837486,CHEMBL:CHEMBL591137,,DTC,False
MAPT,0.00037053070094837486,EPIGALLOCATECHIN-3-GALLATE,,DTC,False
MAPT,0.00037053070094837486,CARBOPLATIN,,DTC,True
MAPT,0.00037053070094837486,BROMOENOL LACTONE,,DTC,False
MAPT,0.00037053070094837486,CHEMBL:CHEMBL1306524,,DTC,False
MAPT,0.00037053070094837486,HYPERICIN,,DTC,False
MAPT,0.00037053070094837486,BENSERAZIDE HYDROCHLORIDE,,DTC,False
MAPT,0.00037053070094837486,CHEMBL:CHEMBL457504,,DTC,False
MAPT,0.00037053070094837486,CHEMBL:CHEMBL585654,,DTC,False
MAPT,0.00037053070094837486,GOSSYPOL,,DTC,False
MAPT,0.00037053070094837486,CAPSAZEPINE,,DTC,False
MAPT,0.00037053070094837486,(-)-N-PORPHYNORAPOMORPHINE,,DTC,False
MAPT,0.00037053070094837486,CHEMBL:CHEMBL578741,,DTC,False
MAPT,0.00037053070094837486,CHEMBL:CHEMBL227959,,DTC,False
MAPT,0.00037053070094837486,CHEMBL:CHEMBL1079460,,DTC,False
MAPT,0.00037053070094837486,CHEMBL:CHEMBL1367933,,DTC,False
MAPT,0.00037053070094837486,DECYNIUM 22,,DTC,False
MAPT,0.00037053070094837486,5-BENZYLOXYTRYPTAMINE,,DTC,False
MAPT,0.00037053070094837486,CHEMBL:CHEMBL607309,,DTC,False
MAPT,0.00037053070094837486,CURCUMIN,,DTC,True
MAPT,0.00037053070094837486,CHEMBL:CHEMBL2094422,,DTC,False
MAPT,0.00037053070094837486,ACITRETIN,,DTC,True
MAPT,0.00037053070094837486,CHEMBL:CHEMBL606167,,DTC,False
MAPT,0.00037053070094837486,PYRANTEL PAMOATE,,DTC,True
MAPT,0.00037053070094837486,BILIRUBIN,,DTC,False
MAPT,0.00037053070094837486,CHEMBL:CHEMBL1984884,,DTC,False
MAPT,0.00037053070094837486,CHEMBL:CHEMBL2094456,,DTC,False
MAPT,0.00037053070094837486,CHEMBL:CHEMBL527584,,DTC,False
MAPT,0.00037053070094837486,AHPN,,DTC,False
MAPT,0.00037053070094837486,CHEMBL:CHEMBL458094,,DTC,False
MAPT,0.00037053070094837486,BCR-ABL INHIBITOR GNF-2,,DTC,False
MAPT,0.00037053070094837486,CHEMBL:CHEMBL586000,,DTC,False
MAPT,0.00037053070094837486,CHEMBL:CHEMBL1402376,,DTC,False
MAPT,0.00037053070094837486,XANTHOANGELOL,,DTC,False
MAPT,0.00037053070094837486,INDIGO,,DTC,True
MAPT,0.00037053070094837486,CHEMBL:CHEMBL1519374,,DTC,False
MAPT,0.00037053070094837486,COUMESTROL,,DTC,False
MAPT,0.00037053070094837486,ZK-93423,,DTC,False
MAPT,0.00037053070094837486,TYRPHOSTIN 47,,DTC,False
MAPT,0.00037053070094837486,CHEMBL:CHEMBL585656,,DTC,False
MAPT,0.00037053070094837486,APOMORPHINE HYDROCHLORIDE HEMIHYDRATE,,DTC,False
MAPT,0.00037053070094837486,TRICLABENDAZOLE,,DTC,True
MAPT,0.00037053070094837486,LANSOPRAZOLE,,DTC,True
MAPT,0.00037053070094837486,CHEMBL:CHEMBL601192,,DTC,False
MAPT,0.00037053070094837486,CGP53353,,DTC,False
MAPT,0.00037053070094837486,CHEMBL:CHEMBL580421,,DTC,False
MAPT,0.00037053070094837486,SULFASALAZINE,,DTC,True
MAPT,0.00037053070094837486,EPALRESTAT,,DTC,False
MAPT,0.00037053070094837486,CHEMBL:CHEMBL17201,,DTC,False
MAPT,0.00037053070094837486,CARNOSIC ACID,,DTC,False
MAPT,0.00037053070094837486,EPINEPHRINE BITARTRATE,,DTC,True
MAPT,0.00037053070094837486,CHEMBL:CHEMBL1224755,,DTC,False
MAPT,0.00037053070094837486,OMEPRAZOLE,,DTC,True
MAPT,0.00037053070094837486,DIHYDROGAMBOGIC ACID,,DTC,False
MAPT,0.00037053070094837486,FLUPIRTINE MALEATE,,DTC,False
MAPT,0.00037053070094837486,CHEMBL:CHEMBL600747,,DTC,False
MAPT,0.00037053070094837486,QUERCETIN,,DTC,True
MAPT,0.00037053070094837486,DIAMIDE,,DTC,False
MAPT,0.00037053070094837486,CHEMBL:CHEMBL2181039,,DTC,False
MAPT,0.00037053070094837486,DANTROLENE,,DTC,True
MAPT,0.00037053070094837486,CHEMBL:CHEMBL586031,,DTC,False
MAPT,0.00037053070094837486,CHEMBL:CHEMBL538542,,DTC,False
MAPT,0.00037053070094837486,CHEMBL:CHEMBL580183,,DTC,False
MAPT,0.00037053070094837486,GEFITINIB,,DTC,True
MAPT,0.00037053070094837486,CHEMBL:CHEMBL126804,,DTC,False
MAPT,0.00037053070094837486,CHEMBL:CHEMBL343002,,DTC,False
MAPT,0.00037053070094837486,CHEMBL:CHEMBL242171,,DTC,False
MAPT,0.00037053070094837486,MECYSTEINE HYDROCHLORIDE,,DTC,False
MAPT,0.00037053070094837486,METHYLDOPA (RACEMIC),,DTC,False
MAPT,0.00037053070094837486,OXOPURPUREINE,,DTC,False
MAPT,0.00037053070094837486,CHOLECALCIFEROL,,DTC,True
MAPT,0.00037053070094837486,BEPRANEMAB,inhibitor,ChEMBL,False
MAPT,0.00037053070094837486,ZAGOTENEMAB,inhibitor,ChEMBL,False
MAPT,0.00037053070094837486,ETHOPROPAZINE HYDROCHLORIDE,,DTC,True
MAPT,0.00037053070094837486,IDARUBICIN,,DTC,True
MAPT,0.00037053070094837486,THIOLUTIN,,DTC,False
MAPT,0.00037053070094837486,CHEMBL:CHEMBL578294,,DTC,False
MAPT,0.00037053070094837486,CHEMBL:CHEMBL601952,,DTC,False
MAPT,0.00037053070094837486,CHEMBL:CHEMBL605077,,DTC,False
MAPT,0.00037053070094837486,CHEMBL:CHEMBL538104,,DTC,False
MAPT,0.00037053070094837486,3-METHYLCHOLANTHRENE,,DTC,False
MAPT,0.00037053070094837486,AGROCLAVINE,,DTC,False
MAPT,0.00037053070094837486,CHEMBL:CHEMBL1379900,,DTC,False
MAPT,0.00037053070094837486,CHEMBL:CHEMBL602969,,DTC,False
MAPT,0.00037053070094837486,CHEMBL:CHEMBL528181,,DTC,False
MAPT,0.00037053070094837486,"3,4-DIMETHOXYDALBERGIONE",,DTC,False
MAPT,0.00037053070094837486,OBTUSAQUINONE,,DTC,False
MAPT,0.00037053070094837486,PROTOPORPHYRIN,,DTC,False
MAPT,0.00037053070094837486,CHEMBL:CHEMBL546576,,DTC,False
MAPT,0.00037053070094837486,HYDROXYZINE PAMOATE,,DTC,True
MAPT,0.00037053070094837486,&ALPHA;-ERGOCRYPTINE,,DTC,False
MAPT,0.00037053070094837486,CHEMBL:CHEMBL548017,,DTC,False
MAPT,0.00037053070094837486,RACEPINEPHRINE,,DTC,True
MAPT,0.00037053070094837486,"4,4'-DIMETHOXYDALBERGIONE",,DTC,False
MAPT,0.00037053070094837486,LAPACHOL,,DTC,False
MAPT,0.00037053070094837486,AURINTRICARBOXYLIC ACID,,DTC,False
MAPT,0.00037053070094837486,S(+)-APOMORPHINE,,DTC,False
MAPT,0.00037053070094837486,CHEMBL:CHEMBL590691,,DTC,False
MAPT,0.00037053070094837486,CHEMBL:CHEMBL603952,,DTC,False
MAPT,0.00037053070094837486,CHEMBL:CHEMBL601605,,DTC,False
MAPT,0.00037053070094837486,NITAZOXANIDE,,DTC,True
MAPT,0.00037053070094837486,PHENSERINE,,DTC,False
MAPT,0.00037053070094837486,IODOPHTHALEIN,,DTC,False
MAPT,0.00037053070094837486,GETIACAULEIN,,DTC,False
MAPT,0.00037053070094837486,ETHACRIDINE LACTATE,,DTC,False
MAPT,0.00037053070094837486,CHEMBL:CHEMBL527620,,DTC,False
MAPT,0.00037053070094837486,NPPB,,DTC,False
MAPT,0.00037053070094837486,PURPURIN,,DTC,False
MAPT,0.00037053070094837486,CHEMBL:CHEMBL1498652,,DTC,False
MAPT,0.00037053070094837486,SAPPANONE A DIMETHYL ETHER,,DTC,False
MAPT,0.00037053070094837486,MAHANIMBINE,,DTC,False
MAPT,0.00037053070094837486,FUMARPROTOCETRARIC ACID,,DTC,False
MAPT,0.00037053070094837486,DAMNACANTHAL,,DTC,False
MAPT,0.00037053070094837486,DAUNORUBICIN LIPOSOMAL,,DTC,True
MAPT,0.00037053070094837486,CHEMBL:CHEMBL85194,,DTC,False
MAPT,0.00037053070094837486,PICEATANNOL,,DTC,False
MAPT,0.00037053070094837486,SEMAXANIB,,DTC,False
MAPT,0.00037053070094837486,METHYSERGIDE MALEATE,,DTC,True
MAPT,0.00037053070094837486,CHEMBL:CHEMBL578504,,DTC,False
MAPT,0.00037053070094837486,RO31-8220,,DTC,False
MAPT,0.00037053070094837486,LINOLENIC ACID,,DTC,True
MAPT,0.00037053070094837486,CHEMBL:CHEMBL139935,,DTC,False
MAPT,0.00037053070094837486,CHEMBL:CHEMBL1939691,,DTC,False
MAPT,0.00037053070094837486,CHEMBL:CHEMBL582715,,DTC,False
MAPT,0.00037053070094837486,HARMALOL,,DTC,False
MAPT,0.00037053070094837486,CARBIDOPA ANHYDROUS,,DTC,True
MAPT,0.00037053070094837486,TYRPHOSTIN 25,,DTC,False
MAPT,0.00037053070094837486,CHEMBL:CHEMBL462861,,DTC,False
MAPT,0.00037053070094837486,CHEMBL:CHEMBL1465049,,DTC,False
MAPT,0.00037053070094837486,RO31-8220,,DTC,False
MAPT,0.00037053070094837486,CHEMBL:CHEMBL339587,,DTC,False
MAPT,0.00037053070094837486,FISETIN,,DTC,False
MAPT,0.00037053070094837486,PIPLARTINE,,DTC,False
MAPT,0.00037053070094837486,CHEMBL:CHEMBL586078,,DTC,False
MAPT,0.00037053070094837486,CHEMBL:CHEMBL585591,,DTC,False
MAPT,0.00037053070094837486,CHEMBL:CHEMBL1588679,,DTC,False
MAPT,0.00037053070094837486,CHEMBL:CHEMBL1574420,,DTC,False
MAPT,0.00037053070094837486,SAPPANONE A TRIMETHYL ETHER,,DTC,False
MAPT,0.00037053070094837486,PANTOPRAZOLE SODIUM,,DTC,True
MAPT,0.00037053070094837486,CHEMBL:CHEMBL99408,,DTC,False
MAPT,0.00037053070094837486,"9,10-PHENANTHRENEQUINONE",,DTC,False
MAPT,0.00037053070094837486,POMIFERIN,,DTC,False
MAPT,0.00037053070094837486,EMODIN,,DTC,False
MAPT,0.00037053070094837486,EPINEPHRINE,,DTC,True
MAPT,0.00037053070094837486,CHEMBL:CHEMBL1334191,,DTC,False
MAPT,0.00037053070094837486,TRIBROMSALAN,,DTC,True
MAPT,0.00037053070094837486,CHEMBL:CHEMBL515252,,DTC,False
MAPT,0.00037053070094837486,CHEMBL:CHEMBL399530,,DTC,False
MAPT,0.00037053070094837486,ELLAGIC ACID,,DTC,False
MAPT,0.00037053070094837486,CHEMBL:CHEMBL68534,,DTC,False
MAPT,0.00037053070094837486,GW282974X,,DTC,False
MAPT,0.00037053070094837486,DIHYDROERGOCRISTINE MESYLATE,,DTC,False
MAPT,0.00037053070094837486,PLUMBAGIN,,DTC,False
MAPT,0.00037053070094837486,SU9516,,DTC,False
MAPT,0.00037053070094837486,CHEMBL:CHEMBL297304,,DTC,False
MAPT,0.00037053070094837486,CHEMBL:CHEMBL523200,,DTC,False
MAPT,0.00037053070094837486,CHEMBL:CHEMBL1601846,,DTC,False
MAPT,0.00037053070094837486,CEFACLOR ANHYDROUS,,DTC,True
MAPT,0.00037053070094837486,OXOGLAUCINE,,DTC,False
MAPT,0.00037053070094837486,AROMATICIN,,DTC,False
MAPT,0.00037053070094837486,DICHLOROPHEN,,DTC,False
MAPT,0.00037053070094837486,HEMATOXYLIN,,DTC,False
MAPT,0.00037053070094837486,TYRPHOSTIN B48,,DTC,False
MAPT,0.00037053070094837486,Z-PRO-PROLINAL,,DTC,False
MAPT,0.00037053070094837486,CHEMBL:CHEMBL595227,,DTC,False
MAPT,0.00037053070094837486,PHENOTHIAZINE,,DTC,False
MAPT,0.00037053070094837486,SB 204741,,DTC,False
MAPT,0.00037053070094837486,CHEMBL:CHEMBL2181040,,DTC,False
MAPT,0.00037053070094837486,LAPACHONE,,DTC,False
MAPT,0.00037053070094837486,"1,10-PHENANTHROLINE",,DTC,False
MAPT,0.00037053070094837486,PD-98059,,DTC,False
MAPT,0.00037053070094837486,METHYLENE BLUE ANHYDROUS,,DTC,True
MAPT,0.00037053070094837486,MACLURAXANTHONE,,DTC,False
MAPT,0.00037053070094837486,HOMIDIUM,,DTC,False
MAPT,0.00037053070094837486,CARUBICIN,,DTC,False
MAPT,0.00037053070094837486,CHEMBL:CHEMBL77387,,DTC,False
MAPT,0.00037053070094837486,CHEMBL:CHEMBL1257092,,DTC,False
MAPT,0.00037053070094837486,ZAPA,,DTC,False
MAPT,0.00037053070094837486,ISOGINKGETIN,,DTC,False
MAPT,0.00037053070094837486,RALOXIFENE HYDROCHLORIDE,,DTC,True
MAPT,0.00037053070094837486,RALOXIFENE HYDROCHLORIDE,,DTC,True
MAPT,0.00037053070094837486,VITAMIN K3,,DTC,True
MAPT,0.00037053070094837486,ARUNDINE,,DTC,False
MAPT,0.00037053070094837486,DIHYDROERGOTAMINE MESYLATE,,DTC,True
MAPT,0.00037053070094837486,GARCINONE E,,DTC,False
MAPT,0.00037053070094837486,OXIDOPAMINE HYDROCHLORIDE,,DTC,False
MAPT,0.00037053070094837486,TRIMETREXATE,,DTC,True
MAPT,0.00037053070094837486,CHEMBL:CHEMBL531322,,DTC,False
MAPT,0.00037053070094837486,TANSHINONE I,,DTC,False
MAPT,0.00037053070094837486,ISOVELLERAL,,DTC,False
MAPT,0.00037053070094837486,3-METHOXYCATECHOL,,DTC,False
MAPT,0.00037053070094837486,CHEMBL:CHEMBL234338,,DTC,False
MAPT,0.00037053070094837486,CHEMBL:CHEMBL1320453,,DTC,False
MAPT,0.00037053070094837486,ARACHIDONIC ACID,,DTC,False
MAPT,0.00037053070094837486,PD-169316,,DTC,False
MAPT,0.00037053070094837486,PBT-1033,,TTD,False
MAPT,0.00037053070094837486,STAUROSPORINE AGLYCON,,DTC,False
MAPT,0.00037053070094837486,DOCONEXENT,,DTC,True
MAPT,0.00037053070094837486,TRICETIN,,DTC,True
MAPT,0.00037053070094837486,DERRUBONE,,DTC,False
MAPT,0.00037053070094837486,METHYLTHIONINIUM CHLORIDE,,DTC,False
MAPT,0.00037053070094837486,P-AMINOHIPPURATE,,DTC,True
MAPT,0.00037053070094837486,MASOPROCOL,,DTC,True
MAPT,0.00037053070094837486,CHEMBL:CHEMBL252417,,DTC,False
MAPT,0.00037053070094837486,CHEMBL:CHEMBL525103,,DTC,False
MAPT,0.00037053070094837486,SANGUINARIUM CHLORIDE,,DTC,False
MAPT,0.00037053070094837486,CHEMBL:CHEMBL312487,,DTC,False
MAPT,0.00037053070094837486,CHEMBL:CHEMBL601110,,DTC,False
MAPT,0.00037053070094837486,CHEMBL:CHEMBL1609016,,DTC,False
MAPT,0.00037053070094837486,CHEMBL:CHEMBL578905,,DTC,False
MAPT,0.00037053070094837486,INAMRINONE,,DTC,True
MAPT,0.00037053070094837486,VU0001171,,DTC,False
MAPT,0.00037053070094837486,ISOEUGENITOL,,DTC,False
MAPT,0.00037053070094837486,,,TTD,
MAPT,0.00037053070094837486,CHEMBL:CHEMBL601140,,DTC,False
MAPT,0.00037053070094837486,CHEMBL:CHEMBL580155,,DTC,False
MAPT,0.00037053070094837486,4-METHOXYDALBERGIONE,,DTC,False
MAPT,0.00037053070094837486,NORSTICTIC ACID,,DTC,False
MAPT,0.00037053070094837486,PATULIN,,DTC,False
MAPT,0.00037053070094837486,STREPTONIGRIN,,DTC,False
MAPT,0.00037053070094837486,CHEMBL:CHEMBL146710,,DTC,False
MAPT,0.00037053070094837486,PITTSBURGH COMPOUND B,,DTC,False
MAPT,0.00037053070094837486,CHEMBL:CHEMBL546597,,DTC,False
MAPT,0.00037053070094837486,BITHIONOLATE SODIUM,,DTC,True
MAPT,0.00037053070094837486,CHEMBL:CHEMBL222556,,DTC,False
MAPT,0.00037053070094837486,CONGO RED,,DTC,False
MAPT,0.00037053070094837486,CHEMBL:CHEMBL1814509,,DTC,False
MAPT,0.00037053070094837486,ISOLIQUIRITIGENIN,,DTC,False
MAPT,0.00037053070094837486,JUGLONE,,DTC,False
MAPT,0.00037053070094837486,N-OLEOYLDOPAMINE,,DTC,False
MAPT,0.00037053070094837486,"PYRROLIDINE DITHIOCARBAMIC ACID, AMMONIUM SALT",,DTC,False
MAPT,0.00037053070094837486,CHEMBL:CHEMBL493863,,DTC,False
MAPT,0.00037053070094837486,CHEMBL:CHEMBL597035,,DTC,False
MAPT,0.00037053070094837486,AMSACRINE HYDROCHLORIDE,,DTC,False
MAPT,0.00037053070094837486,MITOXANTRONE HYDROCHLORIDE,,DTC,True
MAPT,0.00037053070094837486,DAPH,,DTC,False
MAPT,0.00037053070094837486,"1,2-NAPHTHOQUINONE",,DTC,False
MAPT,0.00037053070094837486,OXYTETRACYCLINE ANHYDROUS,,DTC,True
MAPT,0.00037053070094837486,CHELERYTHRINE,,DTC,False
MAPT,0.00037053070094837486,L 755507,,DTC,False
MAPT,0.00037053070094837486,RESVERATROL,,DTC,True
MAPT,0.00037053070094837486,AM404,,DTC,False
MAPT,0.00037053070094837486,CHEMBL:CHEMBL1412489,,DTC,False
MAPT,0.00037053070094837486,CYSTEAMINE HYDROCHLORIDE,,DTC,True
MAPT,0.00037053070094837486,SANGUINARIUM,,DTC,False
SCN1A,0.0003167997404469226,LAMOTRIGINE,,PharmGKB,True
SCN1A,0.0003167997404469226,ETHOTOIN,blocker,ChEMBL,True
SCN1A,0.0003167997404469226,EVENAMIDE,blocker,ChEMBL,False
SCN1A,0.0003167997404469226,MEPIVACAINE HYDROCHLORIDE,blocker,ChEMBL,True
SCN1A,0.0003167997404469226,PROPOXYCAINE HYDROCHLORIDE,blocker,ChEMBL,True
SCN1A,0.0003167997404469226,ESLICARBAZEPINE ACETATE,blocker,ChEMBL,True
SCN1A,0.0003167997404469226,PROPAFENONE HYDROCHLORIDE,blocker,ChEMBL,True
SCN1A,0.0003167997404469226,INDECAINIDE HYDROCHLORIDE,blocker,ChEMBL,True
SCN1A,0.0003167997404469226,ZONISAMIDE,blocker,ChEMBL,True
SCN1A,0.0003167997404469226,RALFINAMIDE,blocker,ChEMBL,False
SCN1A,0.0003167997404469226,OXCARBAZEPINE,blocker,ChEMBL,True
SCN1A,0.0003167997404469226,TETRACAINE,blocker,ChEMBL,True
SCN1A,0.0003167997404469226,ETHOSUXIMIDE,,PharmGKB,True
SCN1A,0.0003167997404469226,LIDOCAINE,blocker,ChEMBL,True
SCN1A,0.0003167997404469226,FLUOROURACIL,,PharmGKB,True
SCN1A,0.0003167997404469226,DRONEDARONE HYDROCHLORIDE,blocker,ChEMBL,True
SCN1A,0.0003167997404469226,BENOXINATE HYDROCHLORIDE,blocker,ChEMBL,True
SCN1A,0.0003167997404469226,LEVETIRACETAM,,PharmGKB,True
SCN1A,0.0003167997404469226,RILUZOLE,blocker,ChEMBL,True
SCN1A,0.0003167997404469226,PHENYTOIN SODIUM,,TEND,True
SCN1A,0.0003167997404469226,PHENAZOPYRIDINE HYDROCHLORIDE,blocker,ChEMBL,True
SCN1A,0.0003167997404469226,COCAINE HYDROCHLORIDE,blocker,ChEMBL,True
SCN1A,0.0003167997404469226,TOPIRAMATE,,TdgClinicalTrial,True
SCN1A,0.0003167997404469226,PRIMIDONE,blocker,ChEMBL,True
SCN1A,0.0003167997404469226,TOPIRAMATE,blocker,ChEMBL,True
SCN1A,0.0003167997404469226,ESLICARBAZEPINE,blocker,ChEMBL,True
SCN1A,0.0003167997404469226,QUINIDINE GLUCONATE,blocker,ChEMBL,True
SCN1A,0.0003167997404469226,ZONISAMIDE,,TdgClinicalTrial,True
SCN1A,0.0003167997404469226,IRAMPANEL,blocker,ChEMBL,False
SCN1A,0.0003167997404469226,NITRAZEPAM,,TdgClinicalTrial,False
SCN1A,0.0003167997404469226,DYCLONINE HYDROCHLORIDE,blocker,ChEMBL,True
SCN1A,0.0003167997404469226,TETRACAINE,blocker,ChEMBL,True
SCN1A,0.0003167997404469226,ETIDOCAINE HYDROCHLORIDE,blocker,ChEMBL,True
SCN1A,0.0003167997404469226,LIDOCAINE HYDROCHLORIDE,blocker,ChEMBL,True
SCN1A,0.0003167997404469226,PRILOCAINE,blocker,ChEMBL,True
SCN1A,0.0003167997404469226,MERETHOXYLLINE PROCAINE,blocker,ChEMBL,True
SCN1A,0.0003167997404469226,ORPHENADRINE CITRATE,blocker,ChEMBL,True
SCN1A,0.0003167997404469226,PROCAINAMIDE HYDROCHLORIDE,blocker,ChEMBL,True
SCN1A,0.0003167997404469226,ROPIVACAINE HYDROCHLORIDE,blocker,ChEMBL,True
SCN1A,0.0003167997404469226,QUINIDINE POLYGALACTURONATE,blocker,ChEMBL,True
SCN1A,0.0003167997404469226,PHENYTOIN SODIUM,blocker,ChEMBL,True
SCN1A,0.0003167997404469226,CARBAMAZEPINE,blocker,ChEMBL,True
SCN1A,0.0003167997404469226,CLOBAZAM,,PharmGKB,True
SCN1A,0.0003167997404469226,PHENACEMIDE,blocker,ChEMBL,True
SCN1A,0.0003167997404469226,ENCAINIDE HYDROCHLORIDE,blocker,ChEMBL,True
SCN1A,0.0003167997404469226,TOPIRAMATE,,TEND,True
SCN1A,0.0003167997404469226,ARTICAINE HYDROCHLORIDE,blocker,ChEMBL,True
SCN1A,0.0003167997404469226,NKTR-171,blocker,ChEMBL,False
SCN1A,0.0003167997404469226,ANTICONVULSANT AGENT,,PharmGKB,False
SCN1A,0.0003167997404469226,LACOSAMIDE,blocker,ChEMBL,True
SCN1A,0.0003167997404469226,MEXILETINE HYDROCHLORIDE,blocker,ChEMBL,True
SCN1A,0.0003167997404469226,FOSPHENYTOIN,blocker,ChEMBL,True
SCN1A,0.0003167997404469226,PRILOCAINE HYDROCHLORIDE,blocker,ChEMBL,True
SCN1A,0.0003167997404469226,PHENYTOIN SODIUM,blocker,ChEMBL,True
SCN1A,0.0003167997404469226,PHENYTOIN SODIUM,,TdgClinicalTrial,True
SCN1A,0.0003167997404469226,HEXYLCAINE HYDROCHLORIDE,blocker,ChEMBL,True
SCN1A,0.0003167997404469226,TETRODOTOXIN,,TdgClinicalTrial,False
SCN1A,0.0003167997404469226,PHENACEMIDE,,TdgClinicalTrial,True
SCN1A,0.0003167997404469226,ZONISAMIDE,,TEND,True
SCN1A,0.0003167997404469226,MORICIZINE HYDROCHLORIDE,blocker,ChEMBL,True
SCN1A,0.0003167997404469226,DICHLOROBENZYL ALCOHOL,blocker,ChEMBL,True
SCN1A,0.0003167997404469226,ORPHENADRINE HYDROCHLORIDE,blocker,ChEMBL,True
SCN1A,0.0003167997404469226,TOCAINIDE HYDROCHLORIDE,blocker,ChEMBL,True
SCN1A,0.0003167997404469226,PHENACEMIDE,,TEND,True
SCN1A,0.0003167997404469226,CHLOROPROCAINE,blocker,ChEMBL,True
SCN1A,0.0003167997404469226,PROPARACAINE HYDROCHLORIDE,blocker,ChEMBL,True
SCN1A,0.0003167997404469226,DISOPYRAMIDE PHOSPHATE,blocker,ChEMBL,True
SCN1A,0.0003167997404469226,QUINIDINE SULFATE,blocker,ChEMBL,True
SCN1A,0.0003167997404469226,NITRAZEPAM,,TEND,False
SCN1A,0.0003167997404469226,MEPHENYTOIN,blocker,ChEMBL,True
SCN1A,0.0003167997404469226,RUFINAMIDE,blocker,ChEMBL,True
SCN1A,0.0003167997404469226,LAMOTRIGINE,blocker,ChEMBL,True
SCN1A,0.0003167997404469226,CENOBAMATE,inhibitor,ChEMBL,True
SCN1A,0.0003167997404469226,PROCAINE HYDROCHLORIDE,blocker,ChEMBL,True
SCN1A,0.0003167997404469226,NERISPIRDINE,blocker,ChEMBL,False
SCN1A,0.0003167997404469226,SAFINAMIDE,,TdgClinicalTrial,True
FOXO3,0.00021501299040508883,RESVERATROL,,DTC,True
FOXO3,0.00021501299040508883,SYRINGARESINOL,,DTC,False
CAMK2A,0.00012646285312649212,CENISERTIB,,DTC,False
CAMK2A,0.00012646285312649212,SOTRASTAURIN,,DTC,False
CAMK2A,0.00012646285312649212,AZD-1080,,DTC,False
CAMK2A,0.00012646285312649212,CURCUMIN,,DTC,True
CAMK2A,0.00012646285312649212,NVP-TAE684,,DTC,False
CAMK2A,0.00012646285312649212,CYC-116,,DTC,False
CAMK2A,0.00012646285312649212,CHEMBL:CHEMBL546797,,DTC,False
HOMER1,0.00011036148966796931,HALOPERIDOL DECANOATE,,PharmGKB,True
CREB1,8.534126854386948e-05,CITALOPRAM,,PharmGKB,True
CREB1,8.534126854386948e-05,LITHIUM,,PharmGKB,True
CREB1,8.534126854386948e-05,BW B70C,inhibitor,GuideToPharmacology,False
CREB1,8.534126854386948e-05,NICOTINE POLACRILEX,,NCI,True
CREB1,8.534126854386948e-05,5-LOX INHIBITOR 2M [PMID: 30199704],inhibitor,GuideToPharmacology,False
CREB1,8.534126854386948e-05,DEHYDRATED ALCOHOL,,NCI,True
CREB1,8.534126854386948e-05,CJ13610,inhibitor,GuideToPharmacology,False
CREB1,8.534126854386948e-05,ZILEUTON,inhibitor,GuideToPharmacology,True
CREB1,8.534126854386948e-05,5-LOX ACTIVATING PROTEIN,activator,GuideToPharmacology,False
CREB1,8.534126854386948e-05,HONOKIOL,inhibitor,GuideToPharmacology,False
CREB1,8.534126854386948e-05,PF-04191834,inhibitor,GuideToPharmacology,False
COMT,4.0274423433541676e-05,TOLCAPONE,,TdgClinicalTrial,True
COMT,4.0274423433541676e-05,LEVOMETHADONE,,PharmGKB,False
COMT,4.0274423433541676e-05,HYDROCODONE,,PharmGKB,True
COMT,4.0274423433541676e-05,GABAPENTIN,,PharmGKB,True
COMT,4.0274423433541676e-05,FLUVOXAMINE,,PharmGKB,True
COMT,4.0274423433541676e-05,NOREPINEPHRINE,,PharmGKB,True
COMT,4.0274423433541676e-05,AMITRIPTYLINE HYDROCHLORIDE,,PharmGKB,True
COMT,4.0274423433541676e-05,BENZTROPINE,,PharmGKB,True
COMT,4.0274423433541676e-05,METHYLDOPA ANHYDROUS,,PharmGKB,True
COMT,4.0274423433541676e-05,"IBUPROFEN, SODIUM SALT",,PharmGKB,True
COMT,4.0274423433541676e-05,,,TTD,
COMT,4.0274423433541676e-05,,,PharmGKB,
COMT,4.0274423433541676e-05,COMPOUND 53 [PMID: 19631533],inhibitor,GuideToPharmacology,False
COMT,4.0274423433541676e-05,OPICAPONE,,TTD,True
COMT,4.0274423433541676e-05,OPICAPONE,inhibitor,ChEMBL,True
COMT,4.0274423433541676e-05,SERTRALINE HYDROCHLORIDE,,PharmGKB,True
COMT,4.0274423433541676e-05,"PAROXETINE HYDROCHLORIDE, HEMIHYDRATE",,PharmGKB,True
COMT,4.0274423433541676e-05,NORTRIPTYLINE,,PharmGKB,True
COMT,4.0274423433541676e-05,MERCAPTOPURINE,,PharmGKB,True
COMT,4.0274423433541676e-05,TOLCAPONE,,PharmGKB,True
COMT,4.0274423433541676e-05,NALTREXONE,,PharmGKB,True
COMT,4.0274423433541676e-05,ENTACAPONE,inhibitor,ChEMBL,True
COMT,4.0274423433541676e-05,ANALGESIC AGENT,,PharmGKB,False
COMT,4.0274423433541676e-05,ACETAMINOPHEN,,PharmGKB,True
COMT,4.0274423433541676e-05,BUPROPION HYDROCHLORIDE,,PharmGKB,True
COMT,4.0274423433541676e-05,TOLCAPONE,inhibitor,ChEMBL,True
COMT,4.0274423433541676e-05,NEBICAPONE,inhibitor,ChEMBL,False
COMT,4.0274423433541676e-05,,,PharmGKB,
COMT,4.0274423433541676e-05,VALPROIC ACID,,PharmGKB,True
COMT,4.0274423433541676e-05,REMIFENTANIL HYDROCHLORIDE,,PharmGKB,True
COMT,4.0274423433541676e-05,MONOAMINE OXIDASE INHIBITOR,,PharmGKB,False
COMT,4.0274423433541676e-05,RASAGILINE,,PharmGKB,True
COMT,4.0274423433541676e-05,,,TTD,
COMT,4.0274423433541676e-05,NALOXONE HYDROCHLORIDE,,PharmGKB,True
COMT,4.0274423433541676e-05,DOXEPIN HYDROCHLORIDE,,PharmGKB,True
COMT,4.0274423433541676e-05,ANHYDROUS DEXTROSE,,PharmGKB,True
COMT,4.0274423433541676e-05,TOLCAPONE,,TEND,True
COMT,4.0274423433541676e-05,,,PharmGKB,
COMT,4.0274423433541676e-05,,,PharmGKB,
COMT,4.0274423433541676e-05,ALFENTANIL HYDROCHLORIDE,,PharmGKB,True
COMT,4.0274423433541676e-05,TRIMIPRAMINE,,PharmGKB,True
COMT,4.0274423433541676e-05,ENTACAPONE,,TdgClinicalTrial,True
COMT,4.0274423433541676e-05,HEROIN,,PharmGKB,False
COMT,4.0274423433541676e-05,SUMATRIPTAN,,PharmGKB,True
COMT,4.0274423433541676e-05,ENTACAPONE,,TTD,True
COMT,4.0274423433541676e-05,PROPRANOLOL HYDROCHLORIDE,,PharmGKB,True
COMT,4.0274423433541676e-05,CLOMIPRAMINE,,PharmGKB,True
COMT,4.0274423433541676e-05,QUETIAPINE FUMARATE,,PharmGKB,True
COMT,4.0274423433541676e-05,HALOPERIDOL DECANOATE,,PharmGKB,True
COMT,4.0274423433541676e-05,DESIPRAMINE,,PharmGKB,True
COMT,4.0274423433541676e-05,,,TTD,
COMT,4.0274423433541676e-05,CODEINE ANHYDROUS,,PharmGKB,True
COMT,4.0274423433541676e-05,,,PharmGKB,
COMT,4.0274423433541676e-05,ERGOT ALKALOIDS,,PharmGKB,False
COMT,4.0274423433541676e-05,TRIHEXYPHENIDYL,,PharmGKB,True
COMT,4.0274423433541676e-05,,,TTD,
COMT,4.0274423433541676e-05,TOLCAPONE,,TTD,True
COMT,4.0274423433541676e-05,ENTACAPONE,,TEND,True
COMT,4.0274423433541676e-05,ENTACAPONE,,PharmGKB,True
COMT,4.0274423433541676e-05,OXYMORPHONE,,PharmGKB,True
BDNF,7.94075168381372e-06,ERGOT ALKALOIDS,,PharmGKB,False
BDNF,7.94075168381372e-06,POLYSIALIC ACID,,NCI,False
BDNF,7.94075168381372e-06,ASOPRISNIL,inhibitor,GuideToPharmacology,False
BDNF,7.94075168381372e-06,ORG2058,agonist,GuideToPharmacology,False
BDNF,7.94075168381372e-06,MEDROXYPROGESTERONE ACETATE,agonist,GuideToPharmacology,True
BDNF,7.94075168381372e-06,TCDD,,NCI,False
BDNF,7.94075168381372e-06,TRAMADOL,,NCI,True
BDNF,7.94075168381372e-06,METHADONE HYDROCHLORIDE,,NCI,True
BDNF,7.94075168381372e-06,DIETHYLSTILBESTROL,,NCI,True
BDNF,7.94075168381372e-06,VENLAFAXINE,,NCI,True
BDNF,7.94075168381372e-06,TYROSINE HYDROXYLASE INHIBITOR,,NCI,False
BDNF,7.94075168381372e-06,ZINC SULFATE ANHYDROUS,,NCI,True
BDNF,7.94075168381372e-06,"INSULIN, REGULAR, HUMAN",,NCI,True
BDNF,7.94075168381372e-06,HALOPERIDOL DECANOATE,,NCI,True
BDNF,7.94075168381372e-06,ESTRADIOL 3-BENZOATE,,NCI,True
BDNF,7.94075168381372e-06,PROTEIN KINASE C INHIBITOR,,NCI,False
BDNF,7.94075168381372e-06,MIFEPRISTONE,inhibitor,GuideToPharmacology,True
BDNF,7.94075168381372e-06,FULVESTRANT,,NCI,True
BDNF,7.94075168381372e-06,PILOCARPINE HYDROCHLORIDE,,NCI,True
BDNF,7.94075168381372e-06,GEMFIBROZIL,,NCI,True
BDNF,7.94075168381372e-06,FLUOROURACIL,,NCI,True
BDNF,7.94075168381372e-06,METHYLPREDNISOLONE,,NCI,True
BDNF,7.94075168381372e-06,METHYLPHENIDATE HYDROCHLORIDE,,PharmGKB,True
BDNF,7.94075168381372e-06,ANTIDEPRESSANT AGENT,,NCI,False
BDNF,7.94075168381372e-06,PROGESTERONE,agonist,GuideToPharmacology,True
BDNF,7.94075168381372e-06,DESIPRAMINE,,PharmGKB,True
BDNF,7.94075168381372e-06,CLOMIPRAMINE,,PharmGKB,True
BDNF,7.94075168381372e-06,NORTRIPTYLINE,,PharmGKB,True
BDNF,7.94075168381372e-06,VINCRISTINE,,NCI,True
BDNF,7.94075168381372e-06,LEVODOPA,,NCI,True
BDNF,7.94075168381372e-06,INOSITOL,,NCI,True
BDNF,7.94075168381372e-06,NYSTATIN,,NCI,True
BDNF,7.94075168381372e-06,ANESTHETIC AGENT,,NCI,False
BDNF,7.94075168381372e-06,ANTIBIOTIC,,NCI,False
BDNF,7.94075168381372e-06,,,PharmGKB,
BDNF,7.94075168381372e-06,RECOMBINANT TUMOR NECROSIS FACTOR FAMILY PROTEIN,,NCI,False
BDNF,7.94075168381372e-06,LIOTHYRONINE,,NCI,True
BDNF,7.94075168381372e-06,MEDICATION,,NCI,False
BDNF,7.94075168381372e-06,THYROGLOBULIN,,NCI,True
BDNF,7.94075168381372e-06,NICOTINE POLACRILEX,,NCI,True
BDNF,7.94075168381372e-06,FREUND'S ADJUVANT,,NCI,False
BDNF,7.94075168381372e-06,ARSENIC TRIOXIDE,,NCI,True
BDNF,7.94075168381372e-06,CYCLOOXYGENASE INHIBITOR,,NCI,False
BDNF,7.94075168381372e-06,DIURETIC,,NCI,False
BDNF,7.94075168381372e-06,IONOMYCIN,,NCI,False
BDNF,7.94075168381372e-06,AMITRIPTYLINE HYDROCHLORIDE,,PharmGKB,True
BDNF,7.94075168381372e-06,BACLOFEN,,NCI,True
BDNF,7.94075168381372e-06,ACTH,,NCI,False
BDNF,7.94075168381372e-06,TRICHOSTATIN A,,NCI,False
BDNF,7.94075168381372e-06,DRONABINOL,,NCI,True
BDNF,7.94075168381372e-06,PROPRANOLOL HYDROCHLORIDE,,NCI,True
BDNF,7.94075168381372e-06,PACLITAXEL,,NCI,True
BDNF,7.94075168381372e-06,GP-120 ANTIGEN,,NCI,False
BDNF,7.94075168381372e-06,DONEPEZIL,,NCI,True
BDNF,7.94075168381372e-06,ALTEPLASE,,NCI,True
BDNF,7.94075168381372e-06,,,PharmGKB,
BDNF,7.94075168381372e-06,THERAPEUTIC HORMONE,,NCI,False
BDNF,7.94075168381372e-06,H2O2,,NCI,False
BDNF,7.94075168381372e-06,BUDESONIDE,agonist,GuideToPharmacology,True
BDNF,7.94075168381372e-06,FLUTICASONE,agonist,GuideToPharmacology,True
BDNF,7.94075168381372e-06,EPOETIN ALFA,,NCI,True
BDNF,7.94075168381372e-06,GLUCAGON (RDNA),,NCI,True
BDNF,7.94075168381372e-06,METYROSINE,,NCI,True
BDNF,7.94075168381372e-06,DOXORUBICIN HYDROCHLORIDE,,NCI,True
BDNF,7.94075168381372e-06,LEVONORGESTREL,agonist,GuideToPharmacology,True
BDNF,7.94075168381372e-06,METFORMIN,,PharmGKB,True
BDNF,7.94075168381372e-06,PF-03882845,inhibitor,GuideToPharmacology,False
BDNF,7.94075168381372e-06,WAY-255348,inhibitor,GuideToPharmacology,False
BDNF,7.94075168381372e-06,VERTEPORFIN,,NCI,True
BDNF,7.94075168381372e-06,TROGLITAZONE,,NCI,True
BDNF,7.94075168381372e-06,RECOMBINANT INTERLEUKIN-1 RECEPTOR ANTAGONIST,,NCI,False
BDNF,7.94075168381372e-06,NALOXONE HYDROCHLORIDE,,NCI,True
BDNF,7.94075168381372e-06,SODIUM CHLORIDE,,NCI,True
BDNF,7.94075168381372e-06,K-252A,,NCI,False
BDNF,7.94075168381372e-06,OPIATE,,NCI,False
BDNF,7.94075168381372e-06,THERAPEUTIC GONADOTROPIN,,NCI,False
BDNF,7.94075168381372e-06,CAPSAICIN,,NCI,True
BDNF,7.94075168381372e-06,IMIPRAMINE HYDROCHLORIDE,,NCI,True
BDNF,7.94075168381372e-06,TANAPROGET,agonist,GuideToPharmacology,False
BDNF,7.94075168381372e-06,ARGIPRESSIN,,NCI,True
BDNF,7.94075168381372e-06,RECOMBINANT TRANSFORMING GROWTH FACTOR,,NCI,False
BDNF,7.94075168381372e-06,DITIOCARB,,NCI,False
BDNF,7.94075168381372e-06,DACTINOMYCIN,,NCI,True
BDNF,7.94075168381372e-06,CURCUMIN,,NCI,True
BDNF,7.94075168381372e-06,INDOMETHACIN,,NCI,True
BDNF,7.94075168381372e-06,MIFEPRISTONE,,NCI,True
BDNF,7.94075168381372e-06,FLURBIPROFEN,,NCI,True
BDNF,7.94075168381372e-06,CAMPTOTHECIN,,NCI,True
BDNF,7.94075168381372e-06,TILARGININE,,NCI,False
BDNF,7.94075168381372e-06,COLCHICINE,,NCI,True
BDNF,7.94075168381372e-06,IL-12,,NCI,False
BDNF,7.94075168381372e-06,MONOAMINE OXIDASE INHIBITOR,,NCI,False
BDNF,7.94075168381372e-06,PROPYLTHIOURACIL,,NCI,True
BDNF,7.94075168381372e-06,RNA POLYMERASE INHIBITOR,,NCI,False
BDNF,7.94075168381372e-06,LITHIUM,,NCI,True
BDNF,7.94075168381372e-06,CETUXIMAB,,NCI,True
BDNF,7.94075168381372e-06,TRIMIPRAMINE,,PharmGKB,True
BDNF,7.94075168381372e-06,ANALGESIC AGENT,,PharmGKB,False
BDNF,7.94075168381372e-06,ULIPRISTAL ACETATE,inhibitor,GuideToPharmacology,True
BDNF,7.94075168381372e-06,ULIPRISTAL ACETATE,agonist,GuideToPharmacology,True
BDNF,7.94075168381372e-06,PROTEIN KINASE INHIBITOR,,NCI,False
BDNF,7.94075168381372e-06,RECOMBINANT CYTOKINE,,NCI,False
BDNF,7.94075168381372e-06,GENTAMICIN,,NCI,True
BDNF,7.94075168381372e-06,ADAPALENE,,NCI,True
BDNF,7.94075168381372e-06,AZD9567,agonist,GuideToPharmacology,False
BDNF,7.94075168381372e-06,PROMEGESTONE,agonist,GuideToPharmacology,False
BDNF,7.94075168381372e-06,ORG2058,agonist,GuideToPharmacology,False
BDNF,7.94075168381372e-06,TOPOTECAN HYDROCHLORIDE,,NCI,True
BDNF,7.94075168381372e-06,NICARDIPINE,,NCI,True
BDNF,7.94075168381372e-06,TETRADECANOYLPHORBOL ACETATE,,NCI,False
BDNF,7.94075168381372e-06,ANTIOXIDANT,,NCI,False
BDNF,7.94075168381372e-06,BORTEZOMIB,,NCI,True
BDNF,7.94075168381372e-06,DOXEPIN HYDROCHLORIDE,,PharmGKB,True
BDNF,7.94075168381372e-06,,,TTD,
BDNF,7.94075168381372e-06,,,PharmGKB,
BDNF,7.94075168381372e-06,MARIJUANA,,NCI,False
BDNF,7.94075168381372e-06,ONAPRISTONE,inhibitor,GuideToPharmacology,True
BDNF,7.94075168381372e-06,DYDROGESTERONE,agonist,GuideToPharmacology,True
BDNF,7.94075168381372e-06,LIDOCAINE,,NCI,True
BDNF,7.94075168381372e-06,SIMVASTATIN,,NCI,True
BDNF,7.94075168381372e-06,NORMAL SALINE,,NCI,False
BDNF,7.94075168381372e-06,DIDANOSINE,,NCI,True
BDNF,7.94075168381372e-06,NORETHINDRONE,agonist,GuideToPharmacology,True
BDNF,7.94075168381372e-06,OLANZAPINE,,PharmGKB,True
BDNF,7.94075168381372e-06,APR19,inhibitor,GuideToPharmacology,False
BDNF,7.94075168381372e-06,CHLORPROMAZINE,,NCI,True
BDNF,7.94075168381372e-06,OXIDOPAMINE,,NCI,False
BDNF,7.94075168381372e-06,MONOAMINE OXIDASE INHIBITOR,,PharmGKB,False
BDNF,7.94075168381372e-06,SUMATRIPTAN,,PharmGKB,True
BDNF,7.94075168381372e-06,ZK112993,inhibitor,GuideToPharmacology,False
BDNF,7.94075168381372e-06,HYPERBARIC OXYGEN,,NCI,False
BDNF,7.94075168381372e-06,MIFEPRISTONE,agonist,GuideToPharmacology,True
SLC6A4,9.418029154788526e-07,,,TTD,
SLC6A4,9.418029154788526e-07,,,TTD,
SLC6A4,9.418029154788526e-07,CHLORPHENTERMINE HYDROCHLORIDE,other/unknown,ChEMBL,True
SLC6A4,9.418029154788526e-07,PROTRIPTYLINE HYDROCHLORIDE,inhibitor,ChEMBL,True
SLC6A4,9.418029154788526e-07,SIBUTRAMINE HYDROCHLORIDE,inhibitor,ChEMBL,True
SLC6A4,9.418029154788526e-07,,,TdgClinicalTrial,
SLC6A4,9.418029154788526e-07,,,TdgClinicalTrial,
SLC6A4,9.418029154788526e-07,SIBUTRAMINE,,TTD,False
SLC6A4,9.418029154788526e-07,FLUVOXAMINE MALEATE,,TTD,True
SLC6A4,9.418029154788526e-07,DULOXETINE HYDROCHLORIDE,inhibitor,ChEMBL,True
SLC6A4,9.418029154788526e-07,LUMATEPERONE,inhibitor,ChEMBL,True
SLC6A4,9.418029154788526e-07,INDALPINE,inhibitor,ChEMBL,True
SLC6A4,9.418029154788526e-07,NORTRIPTYLINE HYDROCHLORIDE,inhibitor,ChEMBL,True
SLC6A4,9.418029154788526e-07,AMOXAPINE,inhibitor,ChEMBL,True
SLC6A4,9.418029154788526e-07,CITALOPRAM,inhibitor,ChEMBL,True
SLC6A4,9.418029154788526e-07,MAZINDOL,inhibitor,ChEMBL,True
SLC6A4,9.418029154788526e-07,MILNACIPRAN HYDROCHLORIDE,inhibitor,ChEMBL,True
SLC6A4,9.418029154788526e-07,IMIPRAMINE PAMOATE,inhibitor,ChEMBL,True
SLC6A4,9.418029154788526e-07,AMITIFADINE,inhibitor,ChEMBL,False
SLC6A4,9.418029154788526e-07,NORTRIPTYLINE,,TEND,True
SLC6A4,9.418029154788526e-07,BRASOFENSINE,,TTD,False
SLC6A4,9.418029154788526e-07,FLUVOXAMINE,,TdgClinicalTrial,True
SLC6A4,9.418029154788526e-07,FLUOXETINE HYDROCHLORIDE,,TTD,True
SLC6A4,9.418029154788526e-07,SOLRIAMFETOL,,TdgClinicalTrial,False
SLC6A4,9.418029154788526e-07,"PAROXETINE HYDROCHLORIDE, HEMIHYDRATE",,TTD,True
SLC6A4,9.418029154788526e-07,NOMIFENSINE MALEATE,inhibitor,ChEMBL,True
SLC6A4,9.418029154788526e-07,"PAROXETINE HYDROCHLORIDE, HEMIHYDRATE",inhibitor,ChEMBL,True
SLC6A4,9.418029154788526e-07,DOTHIEPIN,inhibitor,ChEMBL,True
SLC6A4,9.418029154788526e-07,IMIPRAMINE HYDROCHLORIDE,,TdgClinicalTrial,True
SLC6A4,9.418029154788526e-07,AMOXAPINE,,TdgClinicalTrial,True
SLC6A4,9.418029154788526e-07,DULOXETINE HYDROCHLORIDE,,TdgClinicalTrial,True
SLC6A4,9.418029154788526e-07,DESVENLAFAXINE SUCCINATE,inhibitor,ChEMBL,True
SLC6A4,9.418029154788526e-07,MINAPRINE,,TEND,True
SLC6A4,9.418029154788526e-07,DOXEPIN HYDROCHLORIDE,,TdgClinicalTrial,True
SLC6A4,9.418029154788526e-07,TESOFENSINE,inhibitor,ChEMBL,False
SLC6A4,9.418029154788526e-07,,,PharmGKB,
SLC6A4,9.418029154788526e-07,ONDANSETRON HYDROCHLORIDE,,PharmGKB,True
SLC6A4,9.418029154788526e-07,,,TdgClinicalTrial,
SLC6A4,9.418029154788526e-07,,,TdgClinicalTrial,
SLC6A4,9.418029154788526e-07,,,TTD,
SLC6A4,9.418029154788526e-07,,,TTD,
SLC6A4,9.418029154788526e-07,,,TTD,
SLC6A4,9.418029154788526e-07,VILAZODONE HYDROCHLORIDE,,TTD,True
SLC6A4,9.418029154788526e-07,LEVOMILNACIPRAN HYDROCHLORIDE,inhibitor,ChEMBL,True
SLC6A4,9.418029154788526e-07,DESVENLAFAXINE FUMARATE,inhibitor,ChEMBL,True
SLC6A4,9.418029154788526e-07,EVODIAMINE,,PharmGKB,False
SLC6A4,9.418029154788526e-07,,,TdgClinicalTrial,
SLC6A4,9.418029154788526e-07,SIBUTRAMINE,,TdgClinicalTrial,False
SLC6A4,9.418029154788526e-07,MILNACIPRAN,,TEND,True
SLC6A4,9.418029154788526e-07,CITALOPRAM,,TdgClinicalTrial,True
SLC6A4,9.418029154788526e-07,VORTIOXETINE HYDROBROMIDE,,TdgClinicalTrial,True
SLC6A4,9.418029154788526e-07,MILNACIPRAN,,TdgClinicalTrial,True
SLC6A4,9.418029154788526e-07,CITALOPRAM,,TdgClinicalTrial,True
SLC6A4,9.418029154788526e-07,CITALOPRAM,,TEND,True
SLC6A4,9.418029154788526e-07,LITOXETINE,,TTD,False
SLC6A4,9.418029154788526e-07,DULOXETINE HYDROCHLORIDE,,TEND,True
SLC6A4,9.418029154788526e-07,AMITIFADINE,,TTD,False
SLC6A4,9.418029154788526e-07,BERBERINE,,PharmGKB,False
SLC6A4,9.418029154788526e-07,DEXTROMETHORPHAN POLISTIREX,,TTD,True
SLC6A4,9.418029154788526e-07,LUMATEPERONE,,TTD,True
SLC6A4,9.418029154788526e-07,CITALOPRAM,,TTD,True
SLC6A4,9.418029154788526e-07,DULOXETINE HYDROCHLORIDE,,TTD,True
SLC6A4,9.418029154788526e-07,VENLAFAXINE,,TEND,True
SLC6A4,9.418029154788526e-07,AMITRIPTYLINE HYDROCHLORIDE,inhibitor,ChEMBL,True
SLC6A4,9.418029154788526e-07,NEFAZODONE HYDROCHLORIDE,inhibitor,ChEMBL,True
SLC6A4,9.418029154788526e-07,TRAZODONE,,TEND,True
SLC6A4,9.418029154788526e-07,TRIMIPRAMINE,,TEND,True
SLC6A4,9.418029154788526e-07,NORTRIPTYLINE,,TdgClinicalTrial,True
SLC6A4,9.418029154788526e-07,BUPRENORPHINE,,PharmGKB,True
SLC6A4,9.418029154788526e-07,AMITRIPTYLINE HYDROCHLORIDE,,TdgClinicalTrial,True
SLC6A4,9.418029154788526e-07,MINAPRINE,,TdgClinicalTrial,True
SLC6A4,9.418029154788526e-07,TRIMIPRAMINE,,TdgClinicalTrial,True
SLC6A4,9.418029154788526e-07,AMITRIPTYLINE HYDROCHLORIDE,,TEND,True
SLC6A4,9.418029154788526e-07,IMIPRAMINE HYDROCHLORIDE,,TEND,True
SLC6A4,9.418029154788526e-07,VENLAFAXINE HYDROCHLORIDE,inhibitor,ChEMBL,True
SLC6A4,9.418029154788526e-07,DESIPRAMINE,,TdgClinicalTrial,True
SLC6A4,9.418029154788526e-07,CLOZAPINE,,PharmGKB,True
SLC6A4,9.418029154788526e-07,RIBAVIRIN,,PharmGKB,True
SLC6A4,9.418029154788526e-07,DAPOXETINE,,TdgClinicalTrial,True
SLC6A4,9.418029154788526e-07,OPC-14523,,TdgClinicalTrial,False
SLC6A4,9.418029154788526e-07,TRAMADOL,,TdgClinicalTrial,True
SLC6A4,9.418029154788526e-07,TRAMADOL,,TEND,True
SLC6A4,9.418029154788526e-07,CLOMIPRAMINE HYDROCHLORIDE,inhibitor,ChEMBL,True
SLC6A4,9.418029154788526e-07,TIANEPTINE,,TTD,False
SLC6A4,9.418029154788526e-07,FAXELADOL,inhibitor,ChEMBL,False
SLC6A4,9.418029154788526e-07,LEVOMILNACIPRAN,,TTD,True
SLC6A4,9.418029154788526e-07,TEDATIOXETINE,,TdgClinicalTrial,False
SLC6A4,9.418029154788526e-07,FLUVOXAMINE MALEATE,inhibitor,ChEMBL,True
SLC6A4,9.418029154788526e-07,METHAMPHETAMINE,inhibitor,ChEMBL,True
SLC6A4,9.418029154788526e-07,DESVENLAFAXINE SUCCINATE,,TdgClinicalTrial,True
SLC6A4,9.418029154788526e-07,TESOFENSINE,,TdgClinicalTrial,False
SLC6A4,9.418029154788526e-07,COCAINE,,TdgClinicalTrial,True
SLC6A4,9.418029154788526e-07,,,TTD,
SLC6A4,9.418029154788526e-07,,,TTD,
SLC6A4,9.418029154788526e-07,DESIPRAMINE,,PharmGKB,True
SLC6A4,9.418029154788526e-07,PSEUDOEPHEDRINE,,TdgClinicalTrial,True
SLC6A4,9.418029154788526e-07,TEDATIOXETINE,inhibitor,ChEMBL,False
SLC6A4,9.418029154788526e-07,METHAMPHETAMINE,,TdgClinicalTrial,True
SLC6A4,9.418029154788526e-07,DESVENLAFAXINE SUCCINATE,,TEND,True
SLC6A4,9.418029154788526e-07,METHYLPHENIDATE HYDROCHLORIDE,,TEND,True
SLC6A4,9.418029154788526e-07,,,TTD,
SLC6A4,9.418029154788526e-07,DESVENLAFAXINE SUCCINATE,,TTD,True
SLC6A4,9.418029154788526e-07,PAROXETINE HYDROCHLORIDE,,TTD,False
SLC6A4,9.418029154788526e-07,LEVOMILNACIPRAN,,PharmGKB,True
SLC6A4,9.418029154788526e-07,BICIFADINE,inhibitor,ChEMBL,False
SLC6A4,9.418029154788526e-07,LEVOMILNACIPRAN,,TdgClinicalTrial,True
SLC6A4,9.418029154788526e-07,AMITIFADINE HYDROCHLORIDE,,TTD,False
SLC6A4,9.418029154788526e-07,DISULFIRAM,,PharmGKB,True
SLC6A4,9.418029154788526e-07,VORTIOXETINE HYDROBROMIDE,,TTD,True
SLC6A4,9.418029154788526e-07,AMITRIPTYLINE HYDROCHLORIDE,,TTD,True
SLC6A4,9.418029154788526e-07,FLUVOXAMINE,,TTD,True
SLC6A4,9.418029154788526e-07,NS-2359,inhibitor,ChEMBL,False
SLC6A4,9.418029154788526e-07,TRIMIPRAMINE,,PharmGKB,True
SLC6A4,9.418029154788526e-07,VENLAFAXINE,,TdgClinicalTrial,True
SLC6A4,9.418029154788526e-07,NORTRIPTYLINE,,TTD,True
SLC6A4,9.418029154788526e-07,DAPOXETINE,inhibitor,ChEMBL,True
SLC6A4,9.418029154788526e-07,LIAFENSINE,inhibitor,ChEMBL,False
SLC6A4,9.418029154788526e-07,TRAZODONE,,TdgClinicalTrial,True
SLC6A4,9.418029154788526e-07,FLUOXETINE HYDROCHLORIDE,inhibitor,ChEMBL,True
SLC6A4,9.418029154788526e-07,IMIPRAMINE HYDROCHLORIDE,inhibitor,ChEMBL,True
SLC6A4,9.418029154788526e-07,DEXFENFLURAMINE,,TdgClinicalTrial,True
SLC6A4,9.418029154788526e-07,BUPROPION HYDROCHLORIDE,,TTD,True
SLC6A4,9.418029154788526e-07,VENLAFAXINE,,TTD,True
SLC6A4,9.418029154788526e-07,"PAROXETINE HYDROCHLORIDE, HEMIHYDRATE",inhibitor,ChEMBL,True
SLC6A4,9.418029154788526e-07,FLUOXETINE HYDROCHLORIDE,,TEND,True
SLC6A4,9.418029154788526e-07,"PAROXETINE HYDROCHLORIDE, HEMIHYDRATE",,TEND,True
SLC6A4,9.418029154788526e-07,PEGINTERFERON ALFA-2B,,PharmGKB,True
SLC6A4,9.418029154788526e-07,"PAROXETINE HYDROCHLORIDE, HEMIHYDRATE",inhibitor,ChEMBL,True
SLC6A4,9.418029154788526e-07,FLUOXETINE HYDROCHLORIDE,,NCI,True
SLC6A4,9.418029154788526e-07,THERAPEUTIC HORMONE,,NCI,False
SLC6A4,9.418029154788526e-07,FLUOXETINE HYDROCHLORIDE,,TdgClinicalTrial,True
SLC6A4,9.418029154788526e-07,"PAROXETINE HYDROCHLORIDE, HEMIHYDRATE",,TdgClinicalTrial,True
SLC6A4,9.418029154788526e-07,CLOMIPRAMINE,,TdgClinicalTrial,True
SLC6A4,9.418029154788526e-07,CLOMIPRAMINE,,TTD,True
SLC6A4,9.418029154788526e-07,DIETHYLPROPION,,TTD,True
SLC6A4,9.418029154788526e-07,AMITIFADINE HYDROCHLORIDE,,TdgClinicalTrial,False
SLC6A4,9.418029154788526e-07,LUMATEPERONE,,TdgClinicalTrial,True
SLC6A4,9.418029154788526e-07,PHENTERMINE RESIN,,TdgClinicalTrial,True
SLC6A4,9.418029154788526e-07,AMOXAPINE,,TEND,True
SLC6A4,9.418029154788526e-07,SIBUTRAMINE,,TEND,False
SLC6A4,9.418029154788526e-07,DESVENLAFAXINE SUCCINATE,inhibitor,ChEMBL,True
SLC6A4,9.418029154788526e-07,SERTRALINE HYDROCHLORIDE,inhibitor,ChEMBL,True
SLC6A4,9.418029154788526e-07,VILAZODONE HYDROCHLORIDE,inhibitor,ChEMBL,True
SLC6A4,9.418029154788526e-07,METHADONE HYDROCHLORIDE,,PharmGKB,True
SLC6A4,9.418029154788526e-07,CLOMIPRAMINE,,PharmGKB,True
SLC6A4,9.418029154788526e-07,DOXEPIN HYDROCHLORIDE,,PharmGKB,True
SLC6A4,9.418029154788526e-07,VILAZODONE HYDROCHLORIDE,,PharmGKB,True
SLC6A4,9.418029154788526e-07,METHYLPHENIDATE HYDROCHLORIDE,,TdgClinicalTrial,True
SLC6A4,9.418029154788526e-07,NEFAZODONE,,TdgClinicalTrial,True
SLC6A4,9.418029154788526e-07,COCAINE,,TTD,True
SLC6A4,9.418029154788526e-07,,,TTD,
SLC6A4,9.418029154788526e-07,PROTRIPTYLINE,,TdgClinicalTrial,True
SLC6A4,9.418029154788526e-07,"3,4-METHYLENEDIOXYMETHAMPHETAMINE",,TTD,False
SLC6A4,9.418029154788526e-07,,,TTD,
SLC6A4,9.418029154788526e-07,AMPRELOXETINE,,TTD,False
SLC6A4,9.418029154788526e-07,SERTRALINE HYDROCHLORIDE,,TdgClinicalTrial,True
SLC6A4,9.418029154788526e-07,COCAINE,,TEND,True
SLC6A4,9.418029154788526e-07,DOXEPIN HYDROCHLORIDE,,TEND,True
SLC6A4,9.418029154788526e-07,,,TTD,
SLC6A4,9.418029154788526e-07,BL-1021,,TTD,False
SLC6A4,9.418029154788526e-07,,,TTD,
SLC6A4,9.418029154788526e-07,SERTRALINE HYDROCHLORIDE,,TTD,True
SLC6A4,9.418029154788526e-07,CITALOPRAM,,TTD,True
SLC6A4,9.418029154788526e-07,BICIFADINE,,TTD,False
SLC6A4,9.418029154788526e-07,DASOTRALINE,,TTD,False
SLC6A4,9.418029154788526e-07,VORTIOXETINE HYDROBROMIDE,inhibitor,ChEMBL,True
SLC6A4,9.418029154788526e-07,VORTIOXETINE HYDROBROMIDE,,PharmGKB,True
SLC6A4,9.418029154788526e-07,TRAZODONE,,TTD,True
SLC6A4,9.418029154788526e-07,TRAZODONE,inhibitor,ChEMBL,True
SLC6A4,9.418029154788526e-07,GSK163090,inhibitor,ChEMBL,False
SLC6A4,9.418029154788526e-07,4-METHYLTHIOAMPHETAMINE,,DTC,False
SLC6A4,9.418029154788526e-07,MONOAMINE OXIDASE INHIBITOR,,PharmGKB,False
SLC6A4,9.418029154788526e-07,DESIPRAMINE,,TEND,True
SLC6A4,9.418029154788526e-07,DEXFENFLURAMINE,,TEND,True
SLC6A4,9.418029154788526e-07,ACETAMINOPHEN,,TTD,True
SLC6A4,9.418029154788526e-07,CITALOPRAM HYDROBROMIDE,inhibitor,ChEMBL,True
SLC6A4,9.418029154788526e-07,CENTANAFADINE,inhibitor,ChEMBL,False
SLC6A4,9.418029154788526e-07,,,TdgClinicalTrial,
SLC6A4,9.418029154788526e-07,NEFAZODONE,,TEND,True
SLC6A4,9.418029154788526e-07,SERTRALINE HYDROCHLORIDE,,TEND,True
SLC6A4,9.418029154788526e-07,,,TTD,
SLC6A4,9.418029154788526e-07,CHLORPHENTERMINE HYDROCHLORIDE,,TTD,True
SLC6A4,9.418029154788526e-07,CITALOPRAM,,TEND,True
SLC6A4,9.418029154788526e-07,PHENTERMINE RESIN,,TEND,True
SLC6A4,9.418029154788526e-07,CLOMIPRAMINE,,TEND,True
SLC6A4,9.418029154788526e-07,FLUVOXAMINE,,TEND,True
SLC6A4,9.418029154788526e-07,PROTRIPTYLINE,,TEND,True
SLC6A4,9.418029154788526e-07,DASOTRALINE,inhibitor,ChEMBL,False
SLC6A4,9.418029154788526e-07,DA-8031,,TTD,False
